time_less_than,mem_less_than,b_ANTICIPATE,b_CONTINGENCY,y_ANTICIPATE_memAvg(MB),y_ANTICIPATE_time(sec),y_ANTICIPATE_sol(keuro),y_CONTINGENCY_memAvg(MB),y_CONTINGENCY_time(sec),y_CONTINGENCY_sol(keuro),y_nTraces,y_nScenarios,y_PV_mean,y_PV_std,y_Load_mean,y_Load_std,embedding_time,solve_time,#constraints,#variables
no,no,1.0,0,333.92701298701303,206.33506493506488,260.425,82.84300000000006,5.748874999999997,382.77560975609765,1.0,100.0,265.31458333333336,274.0186280845271,310.93958333333336,166.5787792101975,98.49062275886536,1.2205343246459959,17660,1928
no,no,1.0,0,333.92701298701303,206.33506493506488,256.70500000000004,82.84300000000006,5.748874999999997,382.77560975609765,1.0,100.0,262.66770833333334,270.722787757911,310.025,159.83073859555304,98.49062275886536,1.1661980152130127,17660,1928
no,no,1.0,0,331.47378048780485,199.36829268292686,267.0083333333332,88.94467532467529,65.04909090909092,307.32894736842115,100.0,98.0,263.81875,271.12750010853597,311.83958333333334,162.92226832601204,98.49062275886536,1.2227740287780762,17660,1928
no,no,1.0,0,333.92701298701303,206.33506493506488,275.62904761904764,82.84300000000006,5.748874999999997,427.9463636363637,1.0,100.0,273.4322916666667,282.4094580181082,320.453125,171.67819396155423,98.49062275886536,1.1347851753234863,17660,1928
no,no,1.0,0,333.92701298701303,206.33506493506488,269.395,88.94467532467529,65.04909090909092,297.8375,100.0,100.0,270.70520833333336,279.0127044485727,319.5135416666667,164.72705683682707,98.49062275886536,1.1377882957458496,17660,1928
no,no,1.0,0,333.92701298701303,206.33506493506488,280.6090909090909,88.94467532467529,65.04909090909092,300.27,100.0,100.0,271.88958333333335,279.4281923556743,321.3843750000001,167.9097663975884,98.49062275886536,1.094264268875122,17660,1928
no,no,no_sol,no_sol,no_sol,no_sol,no_sol,no_sol,no_sol,no_sol,no_sol,no_sol,295.090625,304.77359222261384,345.84166666666664,185.27619791513663,98.49062275886536,0.7527399063110352,17660,1928
no,no,no_sol,no_sol,no_sol,no_sol,no_sol,no_sol,no_sol,no_sol,no_sol,no_sol,292.15208333333334,301.1131694712024,344.81875,177.77185244981138,98.49062275886536,0.7522845268249512,17660,1928
no,no,no_sol,no_sol,no_sol,no_sol,no_sol,no_sol,no_sol,no_sol,no_sol,no_sol,293.4239583333333,301.55676246520864,346.8447916666667,181.2081054281879,98.49062275886536,1.0516164302825928,17660,1928
no,no,1.0,0,333.92701298701303,206.33506493506488,269.395,88.94467532467529,65.04909090909092,326.8413157894736,100.0,100.0,270.7270833333334,279.61320288002565,317.28541666666666,169.9782939446281,98.49062275886536,1.395237684249878,17660,1928
no,no,1.0,0,333.92701298701303,206.33506493506488,269.97217391304355,82.84300000000006,5.748874999999997,353.19428571428574,1.0,100.0,268.02708333333334,276.25142249979405,316.3489583333333,163.09529358807873,98.49062275886536,1.2122588157653809,17660,1928
no,no,1.0,0,333.92701298701303,206.33506493506488,279.58942857142847,88.94467532467529,65.04909090909092,296.5314285714289,100.0,100.0,269.1979166666667,276.6617632519169,318.20625,166.24866027812325,98.49062275886536,1.211530685424805,17660,1928
no,no,1.0,0,333.92701298701303,206.33506493506488,260.425,82.84300000000006,5.748874999999997,382.77560975609765,1.0,100.0,265.5833333333333,274.3005588715091,311.2572916666667,166.7453052467493,98.49062275886536,1.3114798069000244,17660,1928
no,no,1.0,0,333.92701298701303,206.33506493506488,256.70500000000004,82.84300000000006,5.748874999999997,382.77560975609765,1.0,100.0,262.9375,271.0063053732945,310.34270833333335,159.99631033818122,98.49062275886536,1.299351453781128,17660,1928
no,no,1.0,0,331.47378048780485,199.36829268292686,267.0083333333332,88.94467532467529,65.04909090909092,307.32894736842115,100.0,98.0,264.08125,271.40611494911246,312.16041666666666,163.08534414479553,98.49062275886536,1.2267470359802246,17660,1928
no,no,1.0,0,333.92701298701303,206.33506493506488,275.62904761904764,88.94467532467529,65.04909090909092,361.21,100.0,100.0,275.33229166666666,284.3675363470338,322.684375,172.8620923887769,98.49062275886536,1.1029865741729736,17660,1928
no,no,1.0,0,333.92701298701303,206.33506493506488,280.6090909090909,88.94467532467529,65.04909090909092,311.76,100.0,100.0,272.58020833333336,280.9469636410461,321.73125,165.86233832138478,98.49062275886536,1.3399543762207031,17660,1928
no,no,1.0,0,333.92701298701303,206.33506493506488,275.62904761904764,88.94467532467529,65.04909090909092,350.23,100.0,100.0,273.778125,281.3682189332176,323.6166666666666,169.0708718917077,98.49062275886536,1.2581424713134766,17660,1928
no,no,1.0,0,331.4525316455696,205.63417721518985,264.4325,82.84300000000006,5.748874999999997,382.77560975609765,1.0,99.0,267.4791666666667,276.2596306453506,313.48229166666664,167.93730228545098,98.49062275886536,1.210092067718506,17660,1928
no,no,1.0,0,333.92701298701303,206.33506493506488,259.6949999999998,88.94467532467529,65.04909090909092,323.73,100.0,100.0,264.81458333333336,272.93997736802817,312.5572916666667,161.1360758701527,98.49062275886536,1.3201956748962402,17660,1928
no,no,1.0,0,331.47378048780485,199.36829268292686,267.0083333333332,88.94467532467529,65.04909090909092,300.0325,100.0,98.0,265.96875,273.34187968568625,314.38958333333335,164.25286367313782,98.49062275886536,1.4091556072235107,17660,1928
no,no,1.0,0,333.92701298701303,206.33506493506488,275.62904761904764,88.94467532467529,65.04909090909092,370.59,100.0,100.0,276.13958333333335,285.20777969723474,323.63125,173.37781439226154,98.49062275886536,1.1392061710357666,17660,1928
no,no,1.0,0,333.92701298701303,206.33506493506488,275.62904761904764,88.94467532467529,65.04909090909092,311.76,100.0,100.0,273.38645833333334,281.78005925861737,322.67291666666665,166.35985435643136,98.49062275886536,1.132213115692139,17660,1928
no,no,1.0,0,333.92701298701303,206.33506493506488,281.305,88.94467532467529,65.04909090909092,312.0774468085105,100.0,100.0,274.57708333333335,282.19602874862187,324.5729166666667,169.57505742244757,98.49062275886536,1.1173062324523926,17660,1928
no,no,no_sol,no_sol,no_sol,no_sol,no_sol,no_sol,no_sol,no_sol,no_sol,no_sol,249.06770833333331,257.24515969482286,291.90416666666664,156.3760224564673,98.49062275886536,0.8105099201202393,17660,1928
no,no,no_sol,no_sol,no_sol,no_sol,no_sol,no_sol,no_sol,no_sol,no_sol,no_sol,246.58541666666667,254.15219725719413,291.04375,150.04309506806425,98.49062275886536,0.7814605236053467,17660,1928
no,no,no_sol,no_sol,no_sol,no_sol,no_sol,no_sol,no_sol,no_sol,no_sol,no_sol,247.6604166666667,254.5271070531121,292.75,152.9459034266691,98.49062275886536,0.8120362758636475,17660,1928
no,no,1.0,0,333.92701298701303,206.33506493506488,264.43249999999983,88.94467532467529,65.04909090909092,312.87000000000006,100.0,100.0,268.021875,276.81694997293374,314.1177083333333,168.2783990363833,98.49062275886536,1.3370890617370603,17660,1928
no,no,1.0,0,333.92701298701303,206.33506493506488,259.6949999999998,88.94467532467529,65.04909090909092,322.2,100.0,100.0,265.3489583333333,273.4901426448766,313.184375,161.46353582680118,98.49062275886536,1.194084882736206,17660,1928
no,no,1.0,0,333.92701298701303,206.33506493506488,277.3670967741935,82.84300000000006,5.748874999999997,382.77560975609765,1.0,100.0,266.50625,273.89533615830493,315.028125,164.5875588295919,98.49062275886536,1.2134506702423096,17660,1928
no,83,1.0,0,72.07368421052631,4.321052631578946,352.6135294117646,82.84300000000006,5.74887499999998,382.77560975609765,1.0,3.0,265.31458333333336,274.0186280845271,310.93958333333336,166.5787792101975,98.49062275886536,1.3141317367553709,17664,1928
no,83,1.0,0,72.07368421052631,4.321052631578946,349.20999999999987,82.84300000000006,5.74887499999998,382.77560975609765,1.0,3.0,262.66770833333334,270.722787757911,310.025,159.83073859555304,98.49062275886536,1.2012555599212646,17664,1928
no,83,1.0,0,72.07368421052631,4.321052631578946,357.20531249999976,82.84300000000006,5.74887499999998,382.77560975609765,1.0,3.0,263.81875,271.12750010853597,311.83958333333334,162.92226832601204,98.49062275886536,1.5109817981719968,17664,1928
no,83,1.0,0,72.07368421052631,4.321052631578946,363.75062499999984,82.84300000000006,5.74887499999998,427.9463636363637,1.0,3.0,273.4322916666667,282.4094580181082,320.453125,171.67819396155423,98.49062275886536,1.1632301807403564,17664,1928
no,83,1.0,0,72.07368421052631,4.321052631578946,360.2822222222221,82.84300000000006,5.74887499999998,383.73833333333334,1.0,3.0,270.70520833333336,279.0127044485727,319.5135416666667,164.72705683682707,98.49062275886536,1.1701467037200928,17664,1928
no,83,1.0,0,72.07368421052631,4.321052631578946,372.26780487804876,82.84300000000006,5.74887499999998,405.565,1.0,3.0,271.88958333333335,279.4281923556743,321.3843750000001,167.9097663975884,98.49062275886536,1.228027105331421,17664,1928
no,83,no_sol,no_sol,no_sol,no_sol,no_sol,no_sol,no_sol,no_sol,no_sol,no_sol,295.090625,304.77359222261384,345.84166666666664,185.27619791513663,98.49062275886536,0.7670412063598633,17664,1928
no,83,no_sol,no_sol,no_sol,no_sol,no_sol,no_sol,no_sol,no_sol,no_sol,no_sol,292.15208333333334,301.1131694712024,344.81875,177.77185244981138,98.49062275886536,0.8153977394104004,17664,1928
no,83,no_sol,no_sol,no_sol,no_sol,no_sol,no_sol,no_sol,no_sol,no_sol,no_sol,293.4239583333333,301.55676246520864,346.8447916666667,181.2081054281879,98.49062275886536,0.852081298828125,17664,1928
no,83,1.0,0,72.07368421052631,4.321052631578946,360.51130434782584,82.84300000000006,5.74887499999998,420.0038461538462,1.0,3.0,270.7270833333334,279.61320288002565,317.28541666666666,169.9782939446281,98.49062275886536,1.2400884628295898,17664,1928
no,83,0,1.0,60.11750000000001,1.9087500000000008,368.15,82.84300000000006,5.74887499999998,353.19428571428574,1.0,1.0,268.02708333333334,276.25142249979405,316.3489583333333,163.09529358807873,98.49062275886536,1.2712078094482422,17664,1928
no,83,1.0,0,72.07368421052631,4.321052631578946,366.5879999999999,82.84300000000006,5.74887499999998,383.73833333333334,1.0,3.0,269.1979166666667,276.6617632519169,318.20625,166.24866027812325,98.49062275886536,1.183621883392334,17664,1928
no,83,1.0,0,72.07368421052631,4.321052631578946,352.6135294117646,82.84300000000006,5.74887499999998,382.77560975609765,1.0,3.0,265.5833333333333,274.3005588715091,311.2572916666667,166.7453052467493,98.49062275886536,1.2301356792449951,17664,1928
no,83,1.0,0,72.07368421052631,4.321052631578946,349.20999999999987,82.84300000000006,5.74887499999998,382.77560975609765,1.0,3.0,262.9375,271.0063053732945,310.34270833333335,159.99631033818122,98.49062275886536,1.236565113067627,17664,1928
no,83,1.0,0,72.07368421052631,4.321052631578946,357.20531249999976,82.84300000000006,5.74887499999998,382.77560975609765,1.0,3.0,264.08125,271.40611494911246,312.16041666666666,163.08534414479553,98.49062275886536,1.1975460052490234,17664,1928
no,83,1.0,0,72.07368421052631,4.321052631578946,366.3837681159417,82.93710526315787,6.398684210526315,511.26,1.9999999999999991,3.0,275.33229166666666,284.3675363470338,322.684375,172.8620923887769,98.49062275886536,1.0996007919311523,17664,1928
no,83,1.0,0,72.07368421052631,4.321052631578946,372.26780487804876,82.84300000000006,5.74887499999998,405.565,1.0,3.0,272.58020833333336,280.9469636410461,321.73125,165.86233832138478,98.49062275886536,1.188368558883667,17664,1928
no,83,1.0,0,72.07368421052631,4.321052631578946,366.3837681159417,82.84300000000006,5.74887499999998,427.9463636363637,1.0,3.0,273.778125,281.3682189332176,323.6166666666666,169.0708718917077,98.49062275886536,1.0746572017669678,17664,1928
no,83,1.0,0,72.07368421052631,4.321052631578946,357.20531249999976,82.84300000000006,5.74887499999998,382.77560975609765,1.0,3.0,267.4791666666667,276.2596306453506,313.48229166666664,167.93730228545098,98.49062275886536,1.2026619911193848,17664,1928
no,83,1.0,0,72.07368421052631,4.321052631578946,353.06699999999984,82.84300000000006,5.74887499999998,382.77560975609765,1.0,3.0,264.81458333333336,272.93997736802817,312.5572916666667,161.1360758701527,98.49062275886536,1.198967218399048,17664,1928
no,83,1.0,0,78.08094594594596,5.554054054054055,360.19705882352935,82.84300000000006,5.74887499999998,382.77560975609765,1.0,4.0,265.96875,273.34187968568625,314.38958333333335,164.25286367313782,98.49062275886536,1.171440839767456,17664,1928
no,83,1.0,0,72.07368421052631,4.321052631578946,366.3837681159417,82.84300000000006,5.748874999999997,459.0774999999999,1.0,3.0,276.13958333333335,285.20777969723474,323.63125,173.37781439226154,98.49062275886536,1.105111598968506,17664,1928
no,83,1.0,0,72.07368421052631,4.321052631578946,366.3837681159417,82.84300000000006,5.74887499999998,405.565,1.0,3.0,273.38645833333334,281.78005925861737,322.67291666666665,166.35985435643136,98.49062275886536,1.092639684677124,17664,1928
no,83,1.0,0,72.07368421052631,4.321052631578946,373.28545454545434,82.84300000000006,5.74887499999998,427.9463636363637,1.0,3.0,274.57708333333335,282.19602874862187,324.5729166666667,169.57505742244757,98.49062275886536,1.0544476509094238,17664,1928
no,83,no_sol,no_sol,no_sol,no_sol,no_sol,no_sol,no_sol,no_sol,no_sol,no_sol,249.06770833333331,257.24515969482286,291.90416666666664,156.3760224564673,98.49062275886536,0.7736287117004395,17664,1928
no,83,no_sol,no_sol,no_sol,no_sol,no_sol,no_sol,no_sol,no_sol,no_sol,no_sol,246.58541666666667,254.15219725719413,291.04375,150.04309506806425,98.49062275886536,0.7653391361236572,17664,1928
no,83,no_sol,no_sol,no_sol,no_sol,no_sol,no_sol,no_sol,no_sol,no_sol,no_sol,247.6604166666667,254.5271070531121,292.75,152.9459034266691,98.49062275886536,0.7973189353942871,17664,1928
no,83,1.0,0,72.07368421052631,4.321052631578946,357.20531249999976,82.84300000000006,5.74887499999998,382.77560975609765,1.0,3.0,268.021875,276.81694997293374,314.1177083333333,168.2783990363833,98.49062275886536,1.1957318782806396,17664,1928
no,83,1.0,0,72.07368421052631,4.321052631578946,353.06699999999984,82.84300000000006,5.74887499999998,382.77560975609765,1.0,3.0,265.3489583333333,273.4901426448766,313.184375,161.46353582680118,98.49062275886536,1.1929502487182615,17664,1928
no,83,1.0,0,78.08094594594596,5.554054054054055,360.19705882352935,82.84300000000006,5.74887499999998,382.77560975609765,1.0,4.0,266.50625,273.89533615830493,315.028125,164.5875588295919,98.49062275886536,1.142486572265625,17664,1928
no,87,0,1.0,83.82397590361447,7.03975903614458,352.6135294117646,86.9315,48.68775,321.42345132743355,71.0,5.0,265.31458333333336,274.0186280845271,310.93958333333336,166.5787792101975,98.49062275886536,1.24989914894104,17664,1928
no,87,0,1.0,72.07368421052631,4.321052631578946,349.20999999999987,84.70925,16.064,293.73096774193533,18.0,3.0,262.66770833333334,270.722787757911,310.025,159.83073859555304,98.49062275886536,1.115227222442627,17664,1928
no,87,0,1.0,83.82397590361447,7.03975903614458,357.20531249999976,86.17620253164554,23.26506329113923,310.11181818181825,30.0,5.0,263.81875,271.12750010853597,311.83958333333334,162.92226832601204,98.49062275886536,1.245781660079956,17664,1928
no,87,1.0,0,83.82397590361447,7.03975903614458,363.75062499999984,83.16175675675676,7.583378378378379,379.5097368421053,4.0,5.0,273.4322916666667,282.4094580181082,320.453125,171.67819396155423,98.49062275886536,1.1433753967285156,17664,1928
no,87,0,1.0,83.82397590361447,7.03975903614458,360.2822222222221,86.17620253164554,23.26506329113923,323.39363636363635,30.0,5.0,270.70520833333336,279.0127044485727,319.5135416666667,164.72705683682707,98.49062275886536,1.1710288524627686,17664,1928
no,87,0,1.0,83.82397590361447,7.03975903614458,372.26780487804876,85.12773333333334,19.0632,310.74722222222226,23.0,5.0,271.88958333333335,279.4281923556743,321.3843750000001,167.9097663975884,98.49062275886536,1.1819708347320557,17664,1928
no,87,no_sol,no_sol,no_sol,no_sol,no_sol,no_sol,no_sol,no_sol,no_sol,no_sol,295.090625,304.77359222261384,345.84166666666664,185.27619791513663,98.49062275886536,0.7970945835113525,17664,1928
no,87,no_sol,no_sol,no_sol,no_sol,no_sol,no_sol,no_sol,no_sol,no_sol,no_sol,292.15208333333334,301.1131694712024,344.81875,177.77185244981138,98.49062275886536,0.7710232734680176,17664,1928
no,87,no_sol,no_sol,no_sol,no_sol,no_sol,no_sol,no_sol,no_sol,no_sol,no_sol,293.4239583333333,301.55676246520864,346.8447916666667,181.2081054281879,98.49062275886536,0.7958536148071289,17664,1928
no,87,1.0,0,83.82397590361447,7.03975903614458,360.51130434782584,86.9884146341463,49.88865853658538,382.8625000000001,72.0,5.0,270.7270833333334,279.61320288002565,317.28541666666666,169.9782939446281,98.49062275886536,1.1130785942077637,17664,1928
no,87,0,1.0,60.11750000000001,1.9087500000000008,368.15,83.95182926829261,11.849756097560974,316.2832352941176,11.0,1.0,268.02708333333334,276.25142249979405,316.3489583333333,163.09529358807873,98.49062275886536,1.200549602508545,17664,1928
no,87,0,1.0,83.82397590361447,7.03975903614458,366.5879999999999,83.95182926829261,11.849756097560974,308.63125,11.0,5.0,269.1979166666667,276.6617632519169,318.20625,166.24866027812325,98.49062275886536,1.1783077716827393,17664,1928
no,87,0,1.0,83.82397590361447,7.03975903614458,352.6135294117646,86.9315,48.68775,321.42345132743355,71.0,5.0,265.5833333333333,274.3005588715091,311.2572916666667,166.7453052467493,98.49062275886536,1.2535834312438965,17664,1928
no,87,0,1.0,72.07368421052631,4.321052631578946,349.20999999999987,85.44824999999993,20.871625,310.111818181818,25.999999999999986,3.0,262.9375,271.0063053732945,310.34270833333335,159.99631033818122,98.49062275886536,1.2906413078308103,17664,1928
no,87,0,1.0,83.82397590361447,7.03975903614458,357.20531249999976,86.17620253164554,23.26506329113923,310.11181818181825,30.0,5.0,264.08125,271.40611494911246,312.16041666666666,163.08534414479553,98.49062275886536,1.268674373626709,17664,1928
no,87,1.0,0,83.82397590361447,7.03975903614458,366.3837681159417,82.84300000000006,5.748874999999997,512.51,1.0,5.0,275.33229166666666,284.3675363470338,322.684375,172.8620923887769,98.49062275886536,1.186293125152588,17664,1928
no,87,0,1.0,83.82397590361447,7.03975903614458,372.26780487804876,86.17620253164554,23.26506329113923,338.61333333333334,30.0,5.0,272.58020833333336,280.9469636410461,321.73125,165.86233832138478,98.49062275886536,1.221898078918457,17664,1928
no,87,0,1.0,83.82397590361447,7.03975903614458,366.3837681159417,86.35628205128204,24.034102564102557,332.7401351351353,31.0,5.0,273.778125,281.3682189332176,323.6166666666666,169.0708718917077,98.49062275886536,1.1391279697418213,17664,1928
no,87,0,1.0,83.82397590361447,7.03975903614458,357.20531249999976,86.17620253164554,23.26506329113923,334.0568421052631,30.0,5.0,267.4791666666667,276.2596306453506,313.48229166666664,167.93730228545098,98.49062275886536,1.2501068115234375,17664,1928
no,87,0,1.0,83.82397590361447,7.03975903614458,353.06699999999984,85.44824999999997,20.871625,310.11181818181825,26.000000000000004,5.0,264.81458333333336,272.93997736802817,312.5572916666667,161.1360758701527,98.49062275886536,1.2649579048156738,17664,1928
no,87,0,1.0,65.97842105263156,3.0894736842105264,366.26199999999994,85.12773333333334,19.0632,321.48712,23.0,2.0,265.96875,273.34187968568625,314.38958333333335,164.25286367313782,98.49062275886536,1.263831615447998,17664,1928
no,87,1.0,0,83.82397590361447,7.03975903614458,366.3837681159417,82.84300000000006,5.748874999999997,459.0775,1.0,5.0,276.13958333333335,285.20777969723474,323.63125,173.37781439226154,98.49062275886536,1.1764073371887207,17664,1928
no,87,0,1.0,83.82397590361447,7.03975903614458,366.3837681159417,86.17620253164554,23.26506329113923,338.61333333333334,30.0,5.0,273.38645833333334,281.78005925861737,322.67291666666665,166.35985435643136,98.49062275886536,1.1551823616027832,17664,1928
no,87,0,1.0,83.82397590361447,7.03975903614458,373.28545454545434,86.35628205128204,24.034102564102557,332.7401351351352,31.0,5.0,274.57708333333335,282.19602874862187,324.5729166666667,169.57505742244757,98.49062275886536,1.103053092956543,17664,1928
no,87,no_sol,no_sol,no_sol,no_sol,no_sol,no_sol,no_sol,no_sol,no_sol,no_sol,249.06770833333331,257.24515969482286,291.90416666666664,156.3760224564673,98.49062275886536,0.8073554039001465,17664,1928
no,87,no_sol,no_sol,no_sol,no_sol,no_sol,no_sol,no_sol,no_sol,no_sol,no_sol,246.58541666666667,254.15219725719413,291.04375,150.04309506806425,98.49062275886536,0.7711372375488281,17664,1928
no,87,no_sol,no_sol,no_sol,no_sol,no_sol,no_sol,no_sol,no_sol,no_sol,no_sol,247.6604166666667,254.5271070531121,292.75,152.9459034266691,98.49062275886536,0.8020105361938477,17664,1928
no,87,0,1.0,83.82397590361447,7.03975903614458,357.20531249999976,86.17620253164554,23.26506329113923,334.0568421052631,30.0,5.0,268.021875,276.81694997293374,314.1177083333333,168.2783990363833,98.49062275886536,1.237161636352539,17664,1928
no,87,0,1.0,83.82397590361447,7.03975903614458,353.06699999999984,86.17620253164554,23.26506329113923,321.4871200000002,30.0,5.0,265.3489583333333,273.4901426448766,313.184375,161.46353582680118,98.49062275886536,1.2429070472717283,17664,1928
no,87,0,1.0,65.97842105263156,3.0894736842105264,366.26199999999994,84.05656716417916,12.477014925373135,321.4871199999997,12.0,2.0,266.50625,273.89533615830493,315.028125,164.5875588295919,98.49062275886536,1.1667227745056152,17664,1928
5,no,no_sol,no_sol,no_sol,no_sol,no_sol,no_sol,no_sol,no_sol,no_sol,no_sol,265.31458333333336,274.0186280845271,310.93958333333336,166.5787792101975,98.49062275886536,0.947089910507202,17664,1928
5,no,no_sol,no_sol,no_sol,no_sol,no_sol,no_sol,no_sol,no_sol,no_sol,no_sol,262.66770833333334,270.722787757911,310.025,159.83073859555304,98.49062275886536,0.7834792137145996,17664,1928
5,no,no_sol,no_sol,no_sol,no_sol,no_sol,no_sol,no_sol,no_sol,no_sol,no_sol,263.81875,271.12750010853597,311.83958333333334,162.92226832601204,98.49062275886536,0.9745628833770752,17664,1928
5,no,no_sol,no_sol,no_sol,no_sol,no_sol,no_sol,no_sol,no_sol,no_sol,no_sol,273.4322916666667,282.4094580181082,320.453125,171.67819396155423,98.49062275886536,0.8748829364776611,17664,1928
5,no,no_sol,no_sol,no_sol,no_sol,no_sol,no_sol,no_sol,no_sol,no_sol,no_sol,270.70520833333336,279.0127044485727,319.5135416666667,164.72705683682707,98.49062275886536,0.8612449169158936,17664,1928
5,no,no_sol,no_sol,no_sol,no_sol,no_sol,no_sol,no_sol,no_sol,no_sol,no_sol,271.88958333333335,279.4281923556743,321.3843750000001,167.9097663975884,98.49062275886536,0.9344406127929688,17664,1928
5,no,no_sol,no_sol,no_sol,no_sol,no_sol,no_sol,no_sol,no_sol,no_sol,no_sol,295.090625,304.77359222261384,345.84166666666664,185.27619791513663,98.49062275886536,0.7736887931823729,17664,1928
5,no,no_sol,no_sol,no_sol,no_sol,no_sol,no_sol,no_sol,no_sol,no_sol,no_sol,292.15208333333334,301.1131694712024,344.81875,177.77185244981138,98.49062275886536,0.8315725326538086,17664,1928
5,no,no_sol,no_sol,no_sol,no_sol,no_sol,no_sol,no_sol,no_sol,no_sol,no_sol,293.4239583333333,301.55676246520864,346.8447916666667,181.2081054281879,98.49062275886536,0.8071138858795166,17664,1928
5,no,no_sol,no_sol,no_sol,no_sol,no_sol,no_sol,no_sol,no_sol,no_sol,no_sol,270.7270833333334,279.61320288002565,317.28541666666666,169.9782939446281,98.49062275886536,0.8685967922210693,17664,1928
5,no,no_sol,no_sol,no_sol,no_sol,no_sol,no_sol,no_sol,no_sol,no_sol,no_sol,268.02708333333334,276.25142249979405,316.3489583333333,163.09529358807873,98.49062275886536,0.909130334854126,17664,1928
5,no,no_sol,no_sol,no_sol,no_sol,no_sol,no_sol,no_sol,no_sol,no_sol,no_sol,269.1979166666667,276.6617632519169,318.20625,166.24866027812325,98.49062275886536,0.9261748790740968,17664,1928
5,no,no_sol,no_sol,no_sol,no_sol,no_sol,no_sol,no_sol,no_sol,no_sol,no_sol,265.5833333333333,274.3005588715091,311.2572916666667,166.7453052467493,98.49062275886536,0.997938871383667,17664,1928
5,no,no_sol,no_sol,no_sol,no_sol,no_sol,no_sol,no_sol,no_sol,no_sol,no_sol,262.9375,271.0063053732945,310.34270833333335,159.99631033818122,98.49062275886536,1.0247933864593506,17664,1928
5,no,no_sol,no_sol,no_sol,no_sol,no_sol,no_sol,no_sol,no_sol,no_sol,no_sol,264.08125,271.40611494911246,312.16041666666666,163.08534414479553,98.49062275886536,1.1466312408447266,17664,1928
5,no,no_sol,no_sol,no_sol,no_sol,no_sol,no_sol,no_sol,no_sol,no_sol,no_sol,275.33229166666666,284.3675363470338,322.684375,172.8620923887769,98.49062275886536,0.8589479923248291,17664,1928
5,no,no_sol,no_sol,no_sol,no_sol,no_sol,no_sol,no_sol,no_sol,no_sol,no_sol,272.58020833333336,280.9469636410461,321.73125,165.86233832138478,98.49062275886536,0.8862149715423584,17664,1928
5,no,no_sol,no_sol,no_sol,no_sol,no_sol,no_sol,no_sol,no_sol,no_sol,no_sol,273.778125,281.3682189332176,323.6166666666666,169.0708718917077,98.49062275886536,0.8687355518341064,17664,1928
5,no,no_sol,no_sol,no_sol,no_sol,no_sol,no_sol,no_sol,no_sol,no_sol,no_sol,267.4791666666667,276.2596306453506,313.48229166666664,167.93730228545098,98.49062275886536,0.97218918800354,17664,1928
5,no,no_sol,no_sol,no_sol,no_sol,no_sol,no_sol,no_sol,no_sol,no_sol,no_sol,264.81458333333336,272.93997736802817,312.5572916666667,161.1360758701527,98.49062275886536,0.9826903343200684,17664,1928
5,no,no_sol,no_sol,no_sol,no_sol,no_sol,no_sol,no_sol,no_sol,no_sol,no_sol,265.96875,273.34187968568625,314.38958333333335,164.25286367313782,98.49062275886536,1.0111460685729978,17664,1928
5,no,no_sol,no_sol,no_sol,no_sol,no_sol,no_sol,no_sol,no_sol,no_sol,no_sol,276.13958333333335,285.20777969723474,323.63125,173.37781439226154,98.49062275886536,0.8865284919738771,17664,1928
5,no,no_sol,no_sol,no_sol,no_sol,no_sol,no_sol,no_sol,no_sol,no_sol,no_sol,273.38645833333334,281.78005925861737,322.67291666666665,166.35985435643136,98.49062275886536,0.8788154125213623,17664,1928
5,no,no_sol,no_sol,no_sol,no_sol,no_sol,no_sol,no_sol,no_sol,no_sol,no_sol,274.57708333333335,282.19602874862187,324.5729166666667,169.57505742244757,98.49062275886536,0.8352978229522705,17664,1928
5,no,no_sol,no_sol,no_sol,no_sol,no_sol,no_sol,no_sol,no_sol,no_sol,no_sol,249.06770833333331,257.24515969482286,291.90416666666664,156.3760224564673,98.49062275886536,0.8357155323028564,17664,1928
5,no,no_sol,no_sol,no_sol,no_sol,no_sol,no_sol,no_sol,no_sol,no_sol,no_sol,246.58541666666667,254.15219725719413,291.04375,150.04309506806425,98.49062275886536,0.8082015514373779,17664,1928
5,no,no_sol,no_sol,no_sol,no_sol,no_sol,no_sol,no_sol,no_sol,no_sol,no_sol,247.6604166666667,254.5271070531121,292.75,152.9459034266691,98.49062275886536,0.8040757179260254,17664,1928
5,no,no_sol,no_sol,no_sol,no_sol,no_sol,no_sol,no_sol,no_sol,no_sol,no_sol,268.021875,276.81694997293374,314.1177083333333,168.2783990363833,98.49062275886536,0.9306180477142334,17664,1928
5,no,no_sol,no_sol,no_sol,no_sol,no_sol,no_sol,no_sol,no_sol,no_sol,no_sol,265.3489583333333,273.4901426448766,313.184375,161.46353582680118,98.49062275886536,0.9050776958465576,17664,1928
5,no,no_sol,no_sol,no_sol,no_sol,no_sol,no_sol,no_sol,no_sol,no_sol,no_sol,266.50625,273.89533615830493,315.028125,164.5875588295919,98.49062275886536,0.9386513233184814,17664,1928
5,83,no_sol,no_sol,no_sol,no_sol,no_sol,no_sol,no_sol,no_sol,no_sol,no_sol,265.31458333333336,274.0186280845271,310.93958333333336,166.5787792101975,98.49062275886536,0.9558823108673096,17668,1928
5,83,no_sol,no_sol,no_sol,no_sol,no_sol,no_sol,no_sol,no_sol,no_sol,no_sol,262.66770833333334,270.722787757911,310.025,159.83073859555304,98.49062275886536,0.7545962333679199,17668,1928
5,83,no_sol,no_sol,no_sol,no_sol,no_sol,no_sol,no_sol,no_sol,no_sol,no_sol,263.81875,271.12750010853597,311.83958333333334,162.92226832601204,98.49062275886536,0.9437601566314696,17668,1928
5,83,no_sol,no_sol,no_sol,no_sol,no_sol,no_sol,no_sol,no_sol,no_sol,no_sol,273.4322916666667,282.4094580181082,320.453125,171.67819396155423,98.49062275886536,0.8607802391052246,17668,1928
5,83,no_sol,no_sol,no_sol,no_sol,no_sol,no_sol,no_sol,no_sol,no_sol,no_sol,270.70520833333336,279.0127044485727,319.5135416666667,164.72705683682707,98.49062275886536,0.8628478050231934,17668,1928
5,83,no_sol,no_sol,no_sol,no_sol,no_sol,no_sol,no_sol,no_sol,no_sol,no_sol,271.88958333333335,279.4281923556743,321.3843750000001,167.9097663975884,98.49062275886536,0.8643407821655273,17668,1928
5,83,no_sol,no_sol,no_sol,no_sol,no_sol,no_sol,no_sol,no_sol,no_sol,no_sol,295.090625,304.77359222261384,345.84166666666664,185.27619791513663,98.49062275886536,0.8043105602264404,17668,1928
5,83,no_sol,no_sol,no_sol,no_sol,no_sol,no_sol,no_sol,no_sol,no_sol,no_sol,292.15208333333334,301.1131694712024,344.81875,177.77185244981138,98.49062275886536,0.7834644317626953,17668,1928
5,83,no_sol,no_sol,no_sol,no_sol,no_sol,no_sol,no_sol,no_sol,no_sol,no_sol,293.4239583333333,301.55676246520864,346.8447916666667,181.2081054281879,98.49062275886536,0.8035633563995361,17668,1928
5,83,no_sol,no_sol,no_sol,no_sol,no_sol,no_sol,no_sol,no_sol,no_sol,no_sol,270.7270833333334,279.61320288002565,317.28541666666666,169.9782939446281,98.49062275886536,0.846360445022583,17668,1928
5,83,no_sol,no_sol,no_sol,no_sol,no_sol,no_sol,no_sol,no_sol,no_sol,no_sol,268.02708333333334,276.25142249979405,316.3489583333333,163.09529358807873,98.49062275886536,0.910836935043335,17668,1928
5,83,no_sol,no_sol,no_sol,no_sol,no_sol,no_sol,no_sol,no_sol,no_sol,no_sol,269.1979166666667,276.6617632519169,318.20625,166.24866027812325,98.49062275886536,0.8981366157531738,17668,1928
5,83,no_sol,no_sol,no_sol,no_sol,no_sol,no_sol,no_sol,no_sol,no_sol,no_sol,265.5833333333333,274.3005588715091,311.2572916666667,166.7453052467493,98.49062275886536,0.9359753131866456,17668,1928
5,83,no_sol,no_sol,no_sol,no_sol,no_sol,no_sol,no_sol,no_sol,no_sol,no_sol,262.9375,271.0063053732945,310.34270833333335,159.99631033818122,98.49062275886536,0.9584956169128418,17668,1928
5,83,no_sol,no_sol,no_sol,no_sol,no_sol,no_sol,no_sol,no_sol,no_sol,no_sol,264.08125,271.40611494911246,312.16041666666666,163.08534414479553,98.49062275886536,0.9642512798309326,17668,1928
5,83,no_sol,no_sol,no_sol,no_sol,no_sol,no_sol,no_sol,no_sol,no_sol,no_sol,275.33229166666666,284.3675363470338,322.684375,172.8620923887769,98.49062275886536,0.8676691055297852,17668,1928
5,83,no_sol,no_sol,no_sol,no_sol,no_sol,no_sol,no_sol,no_sol,no_sol,no_sol,272.58020833333336,280.9469636410461,321.73125,165.86233832138478,98.49062275886536,0.879155158996582,17668,1928
5,83,no_sol,no_sol,no_sol,no_sol,no_sol,no_sol,no_sol,no_sol,no_sol,no_sol,273.778125,281.3682189332176,323.6166666666666,169.0708718917077,98.49062275886536,0.8378398418426514,17668,1928
5,83,no_sol,no_sol,no_sol,no_sol,no_sol,no_sol,no_sol,no_sol,no_sol,no_sol,267.4791666666667,276.2596306453506,313.48229166666664,167.93730228545098,98.49062275886536,0.9427659511566162,17668,1928
5,83,no_sol,no_sol,no_sol,no_sol,no_sol,no_sol,no_sol,no_sol,no_sol,no_sol,264.81458333333336,272.93997736802817,312.5572916666667,161.1360758701527,98.49062275886536,0.9479532241821288,17668,1928
5,83,no_sol,no_sol,no_sol,no_sol,no_sol,no_sol,no_sol,no_sol,no_sol,no_sol,265.96875,273.34187968568625,314.38958333333335,164.25286367313782,98.49062275886536,0.8976461887359619,17668,1928
5,83,no_sol,no_sol,no_sol,no_sol,no_sol,no_sol,no_sol,no_sol,no_sol,no_sol,276.13958333333335,285.20777969723474,323.63125,173.37781439226154,98.49062275886536,0.9088444709777832,17668,1928
5,83,no_sol,no_sol,no_sol,no_sol,no_sol,no_sol,no_sol,no_sol,no_sol,no_sol,273.38645833333334,281.78005925861737,322.67291666666665,166.35985435643136,98.49062275886536,0.8713316917419434,17668,1928
5,83,no_sol,no_sol,no_sol,no_sol,no_sol,no_sol,no_sol,no_sol,no_sol,no_sol,274.57708333333335,282.19602874862187,324.5729166666667,169.57505742244757,98.49062275886536,0.8059065341949463,17668,1928
5,83,no_sol,no_sol,no_sol,no_sol,no_sol,no_sol,no_sol,no_sol,no_sol,no_sol,249.06770833333331,257.24515969482286,291.90416666666664,156.3760224564673,98.49062275886536,0.7818911075592041,17668,1928
5,83,no_sol,no_sol,no_sol,no_sol,no_sol,no_sol,no_sol,no_sol,no_sol,no_sol,246.58541666666667,254.15219725719413,291.04375,150.04309506806425,98.49062275886536,0.7535936832427979,17668,1928
5,83,no_sol,no_sol,no_sol,no_sol,no_sol,no_sol,no_sol,no_sol,no_sol,no_sol,247.6604166666667,254.5271070531121,292.75,152.9459034266691,98.49062275886536,0.7779848575592041,17668,1928
5,83,no_sol,no_sol,no_sol,no_sol,no_sol,no_sol,no_sol,no_sol,no_sol,no_sol,268.021875,276.81694997293374,314.1177083333333,168.2783990363833,98.49062275886536,0.9443674087524414,17668,1928
5,83,no_sol,no_sol,no_sol,no_sol,no_sol,no_sol,no_sol,no_sol,no_sol,no_sol,265.3489583333333,273.4901426448766,313.184375,161.46353582680118,98.49062275886536,0.9676463603973388,17668,1928
5,83,no_sol,no_sol,no_sol,no_sol,no_sol,no_sol,no_sol,no_sol,no_sol,no_sol,266.50625,273.89533615830493,315.028125,164.5875588295919,98.49062275886536,0.9023127555847168,17668,1928
5,87,no_sol,no_sol,no_sol,no_sol,no_sol,no_sol,no_sol,no_sol,no_sol,no_sol,265.31458333333336,274.0186280845271,310.93958333333336,166.5787792101975,98.49062275886536,0.9869005680084229,17668,1928
5,87,no_sol,no_sol,no_sol,no_sol,no_sol,no_sol,no_sol,no_sol,no_sol,no_sol,262.66770833333334,270.722787757911,310.025,159.83073859555304,98.49062275886536,0.7439775466918945,17668,1928
5,87,no_sol,no_sol,no_sol,no_sol,no_sol,no_sol,no_sol,no_sol,no_sol,no_sol,263.81875,271.12750010853597,311.83958333333334,162.92226832601204,98.49062275886536,0.9645581245422364,17668,1928
5,87,no_sol,no_sol,no_sol,no_sol,no_sol,no_sol,no_sol,no_sol,no_sol,no_sol,273.4322916666667,282.4094580181082,320.453125,171.67819396155423,98.49062275886536,0.8950815200805664,17668,1928
5,87,no_sol,no_sol,no_sol,no_sol,no_sol,no_sol,no_sol,no_sol,no_sol,no_sol,270.70520833333336,279.0127044485727,319.5135416666667,164.72705683682707,98.49062275886536,0.877575159072876,17668,1928
5,87,no_sol,no_sol,no_sol,no_sol,no_sol,no_sol,no_sol,no_sol,no_sol,no_sol,271.88958333333335,279.4281923556743,321.3843750000001,167.9097663975884,98.49062275886536,0.9410531520843506,17668,1928
5,87,no_sol,no_sol,no_sol,no_sol,no_sol,no_sol,no_sol,no_sol,no_sol,no_sol,295.090625,304.77359222261384,345.84166666666664,185.27619791513663,98.49062275886536,0.8821949958801271,17668,1928
5,87,no_sol,no_sol,no_sol,no_sol,no_sol,no_sol,no_sol,no_sol,no_sol,no_sol,292.15208333333334,301.1131694712024,344.81875,177.77185244981138,98.49062275886536,0.8850154876708984,17668,1928
5,87,no_sol,no_sol,no_sol,no_sol,no_sol,no_sol,no_sol,no_sol,no_sol,no_sol,293.4239583333333,301.55676246520864,346.8447916666667,181.2081054281879,98.49062275886536,0.9786643981933594,17668,1928
5,87,no_sol,no_sol,no_sol,no_sol,no_sol,no_sol,no_sol,no_sol,no_sol,no_sol,270.7270833333334,279.61320288002565,317.28541666666666,169.9782939446281,98.49062275886536,0.8734195232391357,17668,1928
5,87,no_sol,no_sol,no_sol,no_sol,no_sol,no_sol,no_sol,no_sol,no_sol,no_sol,268.02708333333334,276.25142249979405,316.3489583333333,163.09529358807873,98.49062275886536,0.9542551040649414,17668,1928
5,87,no_sol,no_sol,no_sol,no_sol,no_sol,no_sol,no_sol,no_sol,no_sol,no_sol,269.1979166666667,276.6617632519169,318.20625,166.24866027812325,98.49062275886536,0.917515993118286,17668,1928
5,87,no_sol,no_sol,no_sol,no_sol,no_sol,no_sol,no_sol,no_sol,no_sol,no_sol,265.5833333333333,274.3005588715091,311.2572916666667,166.7453052467493,98.49062275886536,1.004298448562622,17668,1928
5,87,no_sol,no_sol,no_sol,no_sol,no_sol,no_sol,no_sol,no_sol,no_sol,no_sol,262.9375,271.0063053732945,310.34270833333335,159.99631033818122,98.49062275886536,1.0069730281829834,17668,1928
5,87,no_sol,no_sol,no_sol,no_sol,no_sol,no_sol,no_sol,no_sol,no_sol,no_sol,264.08125,271.40611494911246,312.16041666666666,163.08534414479553,98.49062275886536,0.9824707508087158,17668,1928
5,87,no_sol,no_sol,no_sol,no_sol,no_sol,no_sol,no_sol,no_sol,no_sol,no_sol,275.33229166666666,284.3675363470338,322.684375,172.8620923887769,98.49062275886536,0.9352800846099854,17668,1928
5,87,no_sol,no_sol,no_sol,no_sol,no_sol,no_sol,no_sol,no_sol,no_sol,no_sol,272.58020833333336,280.9469636410461,321.73125,165.86233832138478,98.49062275886536,1.1247835159301758,17668,1928
5,87,no_sol,no_sol,no_sol,no_sol,no_sol,no_sol,no_sol,no_sol,no_sol,no_sol,273.778125,281.3682189332176,323.6166666666666,169.0708718917077,98.49062275886536,0.9364175796508788,17668,1928
5,87,no_sol,no_sol,no_sol,no_sol,no_sol,no_sol,no_sol,no_sol,no_sol,no_sol,267.4791666666667,276.2596306453506,313.48229166666664,167.93730228545098,98.49062275886536,1.0671679973602295,17668,1928
5,87,no_sol,no_sol,no_sol,no_sol,no_sol,no_sol,no_sol,no_sol,no_sol,no_sol,264.81458333333336,272.93997736802817,312.5572916666667,161.1360758701527,98.49062275886536,1.1885182857513428,17668,1928
5,87,no_sol,no_sol,no_sol,no_sol,no_sol,no_sol,no_sol,no_sol,no_sol,no_sol,265.96875,273.34187968568625,314.38958333333335,164.25286367313782,98.49062275886536,1.0601568222045898,17668,1928
5,87,no_sol,no_sol,no_sol,no_sol,no_sol,no_sol,no_sol,no_sol,no_sol,no_sol,276.13958333333335,285.20777969723474,323.63125,173.37781439226154,98.49062275886536,0.935300588607788,17668,1928
5,87,no_sol,no_sol,no_sol,no_sol,no_sol,no_sol,no_sol,no_sol,no_sol,no_sol,273.38645833333334,281.78005925861737,322.67291666666665,166.35985435643136,98.49062275886536,0.9196696281433104,17668,1928
5,87,no_sol,no_sol,no_sol,no_sol,no_sol,no_sol,no_sol,no_sol,no_sol,no_sol,274.57708333333335,282.19602874862187,324.5729166666667,169.57505742244757,98.49062275886536,0.8544385433197021,17668,1928
5,87,no_sol,no_sol,no_sol,no_sol,no_sol,no_sol,no_sol,no_sol,no_sol,no_sol,249.06770833333331,257.24515969482286,291.90416666666664,156.3760224564673,98.49062275886536,0.8313641548156738,17668,1928
5,87,no_sol,no_sol,no_sol,no_sol,no_sol,no_sol,no_sol,no_sol,no_sol,no_sol,246.58541666666667,254.15219725719413,291.04375,150.04309506806425,98.49062275886536,0.8501584529876709,17668,1928
5,87,no_sol,no_sol,no_sol,no_sol,no_sol,no_sol,no_sol,no_sol,no_sol,no_sol,247.6604166666667,254.5271070531121,292.75,152.9459034266691,98.49062275886536,0.7734456062316895,17668,1928
5,87,no_sol,no_sol,no_sol,no_sol,no_sol,no_sol,no_sol,no_sol,no_sol,no_sol,268.021875,276.81694997293374,314.1177083333333,168.2783990363833,98.49062275886536,0.9246535301208496,17668,1928
5,87,no_sol,no_sol,no_sol,no_sol,no_sol,no_sol,no_sol,no_sol,no_sol,no_sol,265.3489583333333,273.4901426448766,313.184375,161.46353582680118,98.49062275886536,0.965900421142578,17668,1928
5,87,no_sol,no_sol,no_sol,no_sol,no_sol,no_sol,no_sol,no_sol,no_sol,no_sol,266.50625,273.89533615830493,315.028125,164.5875588295919,98.49062275886536,0.9963905811309814,17668,1928
30,no,0,1.0,83.82397590361447,7.03975903614458,352.61352941176483,83.95182926829261,11.849756097560974,321.48712,11.0,5.0,265.31458333333336,274.0186280845271,310.93958333333336,166.5787792101975,98.49062275886536,1.3624217510223389,17664,1928
30,no,0,1.0,128.23506329113926,27.008860759493675,343.41,84.1716666666667,13.078076923076924,293.7309677419356,13.0,16.0,262.66770833333334,270.722787757911,310.025,159.83073859555304,98.49062275886536,1.302289962768555,17664,1928
30,no,0,1.0,72.07368421052631,4.321052631578946,357.20531249999993,84.1716666666667,13.078076923076924,310.11181818181825,13.0,3.0,263.81875,271.12750010853597,311.83958333333334,162.92226832601204,98.49062275886536,1.355316162109375,17664,1928
30,no,1.0,0,128.23506329113926,27.008860759493675,359.61571428571426,82.84300000000006,5.748874999999997,427.9463636363637,1.0,16.0,273.4322916666667,282.4094580181082,320.453125,171.67819396155423,98.49062275886536,1.2925734519958496,17664,1928
30,no,0,1.0,128.23506329113926,27.008860759493675,356.27307692307687,85.33525000000002,20.2715,323.39363636363635,25.0,16.0,270.70520833333336,279.0127044485727,319.5135416666667,164.72705683682707,98.49062275886536,1.2150547504425049,17664,1928
30,no,0,1.0,60.11750000000001,1.9087500000000008,385.235,84.47886075949364,14.88012658227848,310.74722222222226,16.0,1.0,271.88958333333335,279.4281923556743,321.3843750000001,167.9097663975884,98.49062275886536,1.294581651687622,17664,1928
30,no,no_sol,no_sol,no_sol,no_sol,no_sol,no_sol,no_sol,no_sol,no_sol,no_sol,295.090625,304.77359222261384,345.84166666666664,185.27619791513663,98.49062275886536,0.8208203315734863,17664,1928
30,no,no_sol,no_sol,no_sol,no_sol,no_sol,no_sol,no_sol,no_sol,no_sol,no_sol,292.15208333333334,301.1131694712024,344.81875,177.77185244981138,98.49062275886536,0.8455278873443604,17664,1928
30,no,no_sol,no_sol,no_sol,no_sol,no_sol,no_sol,no_sol,no_sol,no_sol,no_sol,293.4239583333333,301.55676246520864,346.8447916666667,181.2081054281879,98.49062275886536,0.8639626502990723,17664,1928
30,no,1.0,0,106.91708860759495,14.470886075949366,356.8681481481481,82.84300000000006,5.748874999999997,420.0038461538462,1.0,10.0,270.7270833333334,279.61320288002565,317.28541666666666,169.9782939446281,98.49062275886536,1.182339429855347,17664,1928
30,no,0,1.0,128.23506329113926,27.008860759493675,353.0871428571428,83.95182926829261,11.849756097560974,316.2832352941176,11.0,16.0,268.02708333333334,276.25142249979405,316.3489583333333,163.09529358807873,98.49062275886536,1.200078010559082,17664,1928
30,no,0,1.0,128.23506329113926,27.008860759493675,361.5933333333333,83.95182926829261,11.849756097560974,308.63125,11.0,16.0,269.1979166666667,276.6617632519169,318.20625,166.24866027812325,98.49062275886536,1.1557600498199463,17664,1928
30,no,0,1.0,83.82397590361447,7.03975903614458,352.61352941176483,83.95182926829261,11.849756097560974,321.48712,11.0,5.0,265.5833333333333,274.3005588715091,311.2572916666667,166.7453052467493,98.49062275886536,1.336094617843628,17664,1928
30,no,0,1.0,128.23506329113926,27.008860759493675,343.41,84.1716666666667,13.078076923076924,310.11181818181825,13.0,16.0,262.9375,271.0063053732945,310.34270833333335,159.99631033818122,98.49062275886536,1.2429687976837158,17664,1928
30,no,0,1.0,72.07368421052631,4.321052631578946,357.20531249999993,84.1716666666667,13.078076923076924,310.11181818181825,13.0,3.0,264.08125,271.40611494911246,312.16041666666666,163.08534414479553,98.49062275886536,1.2087037563323977,17664,1928
30,no,1.0,0,128.23506329113926,27.008860759493675,361.7828571428572,82.84300000000006,5.748874999999997,512.51,1.0,16.0,275.33229166666666,284.3675363470338,322.684375,172.8620923887769,98.49062275886536,1.123422384262085,17664,1928
30,no,0,1.0,60.11750000000001,1.9087500000000008,385.235,83.95182926829261,11.849756097560974,338.61333333333334,11.0,1.0,272.58020833333336,280.9469636410461,321.73125,165.86233832138478,98.49062275886536,1.1690211296081543,17664,1928
30,no,0,1.0,60.11750000000001,1.9087500000000008,377.94857142857137,84.1716666666667,13.078076923076924,332.7401351351352,13.0,1.0,273.778125,281.3682189332176,323.6166666666666,169.0708718917077,98.49062275886536,1.102851629257202,17664,1928
30,no,0,1.0,65.97842105263156,3.0894736842105264,357.20531249999993,85.12773333333334,19.0632,334.0568421052631,23.0,2.0,267.4791666666667,276.2596306453506,313.48229166666664,167.93730228545098,98.49062275886536,1.3260705471038818,17664,1928
30,no,0,1.0,72.07368421052631,4.321052631578946,353.06699999999995,84.1716666666667,13.078076923076924,310.111818181818,13.0,3.0,264.81458333333336,272.93997736802817,312.5572916666667,161.1360758701527,98.49062275886536,1.5834813117980957,17664,1928
30,no,0,1.0,124.2874074074074,24.64814814814815,360.19705882352935,83.95182926829261,11.849756097560974,321.48712,11.0,15.0,265.96875,273.34187968568625,314.38958333333335,164.25286367313782,98.49062275886536,1.4958689212799072,17664,1928
30,no,1.0,0,130.02779069767442,29.64186046511628,361.7828571428572,82.84300000000006,5.748874999999997,459.0775,1.0,17.0,276.13958333333335,285.20777969723474,323.63125,173.37781439226154,98.49062275886536,1.1413249969482422,17664,1928
30,no,0,1.0,60.11750000000001,1.9087500000000008,377.94857142857137,83.95182926829261,11.849756097560974,338.61333333333334,11.0,1.0,273.38645833333334,281.78005925861737,322.67291666666665,166.35985435643136,98.49062275886536,1.1463067531585691,17664,1928
30,no,0,1.0,78.08094594594596,5.554054054054055,373.28545454545446,84.1716666666667,13.078076923076924,332.7401351351352,13.0,4.0,274.57708333333335,282.19602874862187,324.5729166666667,169.57505742244757,98.49062275886536,1.071910381317139,17664,1928
30,no,no_sol,no_sol,no_sol,no_sol,no_sol,no_sol,no_sol,no_sol,no_sol,no_sol,249.06770833333331,257.24515969482286,291.90416666666664,156.3760224564673,98.49062275886536,0.7615909576416016,17664,1928
30,no,no_sol,no_sol,no_sol,no_sol,no_sol,no_sol,no_sol,no_sol,no_sol,no_sol,246.58541666666667,254.15219725719413,291.04375,150.04309506806425,98.49062275886536,0.7540545463562012,17664,1928
30,no,no_sol,no_sol,no_sol,no_sol,no_sol,no_sol,no_sol,no_sol,no_sol,no_sol,247.6604166666667,254.5271070531121,292.75,152.9459034266691,98.49062275886536,0.7958614826202393,17664,1928
30,no,0,1.0,65.97842105263156,3.0894736842105264,357.20531249999993,85.12773333333334,19.0632,334.0568421052631,23.0,2.0,268.021875,276.81694997293374,314.1177083333333,168.2783990363833,98.49062275886536,1.2610681056976318,17664,1928
30,no,0,1.0,128.23506329113926,27.008860759493675,347.15199999999993,83.95182926829261,11.849756097560974,321.48712,11.0,16.0,265.3489583333333,273.4901426448766,313.184375,161.46353582680118,98.49062275886536,1.2363595962524414,17664,1928
30,no,0,1.0,60.11750000000001,1.9087500000000008,373.16,84.60162790697677,15.475232558139535,321.4871200000002,17.0,1.0,266.50625,273.89533615830493,315.028125,164.5875588295919,98.49062275886536,1.179842472076416,17664,1928
30,83,1.0,0,78.08094594594596,5.554054054054055,352.61352941176466,82.84300000000006,5.748874999999997,382.77560975609765,1.0000000000000142,4.0,265.31458333333336,274.0186280845271,310.93958333333336,166.5787792101975,98.49062275886536,1.2346060276031494,17668,1928
30,83,1.0,0,78.08094594594596,5.554054054054055,349.21,82.84300000000006,5.748874999999997,382.77560975609765,1.0000000000000142,4.0,262.66770833333334,270.722787757911,310.025,159.83073859555304,98.49062275886536,1.0485758781433103,17668,1928
30,83,1.0,0,78.08094594594596,5.554054054054055,357.2053124999998,82.84300000000006,5.748874999999997,382.77560975609765,1.0000000000000142,4.0,263.81875,271.12750010853597,311.83958333333334,162.92226832601204,98.49062275886536,1.2380125522613523,17668,1928
30,83,1.0,0,78.08094594594596,5.554054054054055,363.75062499999984,82.84300000000006,5.748874999999997,427.9463636363637,1.0000000000000142,4.0,273.4322916666667,282.4094580181082,320.453125,171.67819396155423,98.49062275886536,1.0923254489898682,17668,1928
30,83,1.0,0,78.08094594594596,5.554054054054055,360.28222222222223,82.84300000000006,5.748874999999997,383.73833333333334,1.0000000000000142,4.0,270.70520833333336,279.0127044485727,319.5135416666667,164.72705683682707,98.49062275886536,1.1426396369934082,17668,1928
30,83,1.0,0,78.08094594594596,5.554054054054055,372.2678048780487,82.84300000000006,5.748874999999997,405.565,1.0000000000000142,4.0,271.88958333333335,279.4281923556743,321.3843750000001,167.9097663975884,98.49062275886536,1.0774576663970947,17668,1928
30,83,no_sol,no_sol,no_sol,no_sol,no_sol,no_sol,no_sol,no_sol,no_sol,no_sol,295.090625,304.77359222261384,345.84166666666664,185.27619791513663,98.49062275886536,0.7251272201538086,17668,1928
30,83,no_sol,no_sol,no_sol,no_sol,no_sol,no_sol,no_sol,no_sol,no_sol,no_sol,292.15208333333334,301.1131694712024,344.81875,177.77185244981138,98.49062275886536,0.7769510746002197,17668,1928
30,83,no_sol,no_sol,no_sol,no_sol,no_sol,no_sol,no_sol,no_sol,no_sol,no_sol,293.4239583333333,301.55676246520864,346.8447916666667,181.2081054281879,98.49062275886536,0.7533030509948729,17668,1928
30,83,1.0,0,78.08094594594596,5.554054054054055,360.511304347826,82.84300000000006,5.748874999999997,420.0038461538462,1.0000000000000142,4.0,270.7270833333334,279.61320288002565,317.28541666666666,169.9782939446281,98.49062275886536,1.1097197532653809,17668,1928
30,83,0,1.0,78.08094594594596,5.554054054054055,357.22199999999987,82.84300000000006,5.748874999999997,353.19428571428574,1.0000000000000142,4.0,268.02708333333334,276.25142249979405,316.3489583333333,163.09529358807873,98.49062275886536,1.092020034790039,17668,1928
30,83,1.0,0,78.08094594594596,5.554054054054055,366.58799999999985,82.84300000000006,5.748874999999997,383.73833333333334,1.0000000000000142,4.0,269.1979166666667,276.6617632519169,318.20625,166.24866027812325,98.49062275886536,1.1118276119232178,17668,1928
30,83,1.0,0,78.08094594594596,5.554054054054055,352.61352941176466,82.84300000000006,5.748874999999997,382.77560975609765,1.0000000000000142,4.0,265.5833333333333,274.3005588715091,311.2572916666667,166.7453052467493,98.49062275886536,1.2299444675445557,17668,1928
30,83,1.0,0,78.08094594594596,5.554054054054055,349.21,82.84300000000006,5.748874999999997,382.77560975609765,1.0000000000000142,4.0,262.9375,271.0063053732945,310.34270833333335,159.99631033818122,98.49062275886536,1.23591947555542,17668,1928
30,83,1.0,0,78.08094594594596,5.554054054054055,357.2053124999998,82.84300000000006,5.748874999999997,382.77560975609765,1.0000000000000142,4.0,264.08125,271.40611494911246,312.16041666666666,163.08534414479553,98.49062275886536,1.2060933113098145,17668,1928
30,83,1.0,0,78.08094594594596,5.554054054054055,366.38376811594185,82.93710526315787,6.398684210526319,511.26,1.9999999999999944,4.0,275.33229166666666,284.3675363470338,322.684375,172.8620923887769,98.49062275886536,1.1154143810272217,17668,1928
30,83,1.0,0,78.08094594594596,5.554054054054055,372.2678048780487,82.84300000000006,5.748874999999997,405.565,1.0000000000000142,4.0,272.58020833333336,280.9469636410461,321.73125,165.86233832138478,98.49062275886536,1.2021186351776123,17668,1928
30,83,1.0,0,78.08094594594596,5.554054054054055,366.38376811594185,82.84300000000006,5.748874999999997,427.9463636363637,1.0000000000000142,4.0,273.778125,281.3682189332176,323.6166666666666,169.0708718917077,98.49062275886536,1.0636186599731443,17668,1928
30,83,1.0,0,78.08094594594596,5.554054054054055,357.2053124999998,82.84300000000006,5.748874999999997,382.77560975609765,1.0000000000000142,4.0,267.4791666666667,276.2596306453506,313.48229166666664,167.93730228545098,98.49062275886536,1.2016315460205078,17668,1928
30,83,1.0,0,78.08094594594596,5.554054054054055,353.06699999999984,82.84300000000006,5.748874999999997,382.77560975609765,1.0000000000000142,4.0,264.81458333333336,272.93997736802817,312.5572916666667,161.1360758701527,98.49062275886536,1.1570701599121094,17668,1928
30,83,1.0,0,78.08094594594596,5.554054054054055,360.19705882352935,82.84300000000006,5.748874999999997,382.77560975609765,1.0000000000000142,4.0,265.96875,273.34187968568625,314.38958333333335,164.25286367313782,98.49062275886536,1.1495485305786133,17668,1928
30,83,1.0,0,78.08094594594596,5.554054054054055,366.38376811594185,82.84300000000006,5.748874999999997,459.0774999999999,1.0,4.0,276.13958333333335,285.20777969723474,323.63125,173.37781439226154,98.49062275886536,1.1058502197265625,17668,1928
30,83,1.0,0,78.08094594594596,5.554054054054055,366.38376811594185,82.84300000000006,5.748874999999997,405.565,1.0000000000000142,4.0,273.38645833333334,281.78005925861737,322.67291666666665,166.35985435643136,98.49062275886536,1.103165864944458,17668,1928
30,83,1.0,0,78.08094594594596,5.554054054054055,373.2854545454544,82.84300000000006,5.748874999999997,427.9463636363637,1.0000000000000142,4.0,274.57708333333335,282.19602874862187,324.5729166666667,169.57505742244757,98.49062275886536,1.059562921524048,17668,1928
30,83,no_sol,no_sol,no_sol,no_sol,no_sol,no_sol,no_sol,no_sol,no_sol,no_sol,249.06770833333331,257.24515969482286,291.90416666666664,156.3760224564673,98.49062275886536,0.8060798645019531,17668,1928
30,83,no_sol,no_sol,no_sol,no_sol,no_sol,no_sol,no_sol,no_sol,no_sol,no_sol,246.58541666666667,254.15219725719413,291.04375,150.04309506806425,98.49062275886536,0.7465775012969971,17668,1928
30,83,no_sol,no_sol,no_sol,no_sol,no_sol,no_sol,no_sol,no_sol,no_sol,no_sol,247.6604166666667,254.5271070531121,292.75,152.9459034266691,98.49062275886536,0.7722699642181396,17668,1928
30,83,1.0,0,78.08094594594596,5.554054054054055,357.2053124999998,82.84300000000006,5.748874999999997,382.77560975609765,1.0000000000000142,4.0,268.021875,276.81694997293374,314.1177083333333,168.2783990363833,98.49062275886536,1.2845909595489502,17668,1928
30,83,1.0,0,78.08094594594596,5.554054054054055,353.06699999999984,82.84300000000006,5.748874999999997,382.77560975609765,1.0000000000000142,4.0,265.3489583333333,273.4901426448766,313.184375,161.46353582680118,98.49062275886536,1.200350999832153,17668,1928
30,83,1.0,0,78.08094594594596,5.554054054054055,360.19705882352935,82.84300000000006,5.748874999999997,382.77560975609765,1.0000000000000142,4.0,266.50625,273.89533615830493,315.028125,164.5875588295919,98.49062275886536,1.1604652404785156,17668,1928
30,87,0.0,1.0,83.82397590361447,7.03975903614458,352.6135294117646,83.95182926829261,11.849756097560974,321.48712,11.0,5.0,265.31458333333336,274.0186280845271,310.93958333333336,166.5787792101975,98.49062275886536,1.2217199802398682,17668,1928
30,87,0,1.0,83.82397590361447,7.03975903614458,349.20999999999987,84.26976744186042,13.67709302325581,293.7309677419356,13.999999999999995,5.0,262.66770833333334,270.722787757911,310.025,159.83073859555304,98.49062275886536,1.0959715843200684,17668,1928
30,87,0,1.0,78.08094594594596,5.554054054054055,357.20531249999993,84.1716666666667,13.078076923076924,310.111818181818,13.0,4.0,263.81875,271.12750010853597,311.83958333333334,162.92226832601204,98.49062275886536,1.2106144428253174,17668,1928
30,87,1.0,0,83.82397590361447,7.03975903614458,363.75062499999984,86.35628205128204,24.034102564102557,364.8753629032254,31.0,5.0,273.4322916666667,282.4094580181082,320.453125,171.67819396155423,98.49062275886536,1.0914733409881592,17668,1928
30,87,0,1.0,83.82397590361447,7.03975903614458,360.2822222222223,86.17620253164554,23.26506329113923,323.39363636363635,30.0,5.0,270.70520833333336,279.0127044485727,319.5135416666667,164.72705683682707,98.49062275886536,1.211897373199463,17668,1928
30,87,0,1.0,83.82397590361447,7.03975903614458,372.26780487804876,85.12773333333334,19.0632,310.74722222222226,23.0,5.0,271.88958333333335,279.4281923556743,321.3843750000001,167.9097663975884,98.49062275886536,1.1335740089416504,17668,1928
30,87,no_sol,no_sol,no_sol,no_sol,no_sol,no_sol,no_sol,no_sol,no_sol,no_sol,295.090625,304.77359222261384,345.84166666666664,185.27619791513663,98.49062275886536,0.7846524715423584,17668,1928
30,87,no_sol,no_sol,no_sol,no_sol,no_sol,no_sol,no_sol,no_sol,no_sol,no_sol,292.15208333333334,301.1131694712024,344.81875,177.77185244981138,98.49062275886536,1.0098288059234621,17668,1928
30,87,no_sol,no_sol,no_sol,no_sol,no_sol,no_sol,no_sol,no_sol,no_sol,no_sol,293.4239583333333,301.55676246520864,346.8447916666667,181.2081054281879,98.49062275886536,0.7909514904022217,17668,1928
30,87,1.0,0,83.82397590361447,7.03975903614458,360.51130434782607,86.982375,29.740375,399.10967123287725,37.0,5.0,270.7270833333334,279.61320288002565,317.28541666666666,169.9782939446281,98.49062275886536,1.0549054145812988,17668,1928
30,87,0,1.0,78.08094594594596,5.554054054054055,357.2220000000001,84.1716666666667,13.078076923076924,316.2832352941176,13.0,4.0,268.02708333333334,276.25142249979405,316.3489583333333,163.09529358807873,98.49062275886536,1.113872766494751,17668,1928
30,87,0,1.0,78.08094594594596,5.554054054054055,366.588,85.33525000000002,20.2715,308.63125,25.0,4.0,269.1979166666667,276.6617632519169,318.20625,166.24866027812325,98.49062275886536,1.1894388198852541,17668,1928
30,87,0.0,1.0,83.82397590361447,7.03975903614458,352.6135294117646,83.95182926829261,11.849756097560974,321.48712,11.0,5.0,265.5833333333333,274.3005588715091,311.2572916666667,166.7453052467493,98.49062275886536,1.187215805053711,17668,1928
30,87,0,1.0,83.82397590361447,7.03975903614458,349.20999999999987,84.3795061728395,14.257037037037033,310.11181818181825,14.999999999999995,5.0,262.9375,271.0063053732945,310.34270833333335,159.99631033818122,98.49062275886536,1.1573426723480225,17668,1928
30,87,0,1.0,83.82397590361447,7.03975903614458,357.20531249999993,86.17620253164554,23.26506329113923,310.11181818181825,30.0,5.0,264.08125,271.40611494911246,312.16041666666666,163.08534414479553,98.49062275886536,1.1634800434112549,17668,1928
30,87,1.0,0,83.82397590361447,7.03975903614458,366.38376811594185,82.84300000000006,5.748874999999997,512.51,1.0,5.0,275.33229166666666,284.3675363470338,322.684375,172.8620923887769,98.49062275886536,1.1069753170013428,17668,1928
30,87,0.0,1.0,60.11750000000001,1.9087500000000008,385.235,84.47886075949364,14.88012658227848,338.61333333333334,16.0,1.0,272.58020833333336,280.9469636410461,321.73125,165.86233832138478,98.49062275886536,1.1523003578186035,17668,1928
30,87,0,1.0,60.11750000000001,1.9087500000000008,377.94857142857137,85.9712345679012,22.082962962962945,332.7401351351352,28.0,1.0000000000000284,273.778125,281.3682189332176,323.6166666666666,169.0708718917077,98.49062275886536,1.0986790657043457,17668,1928
30,87,0,1.0,72.07368421052631,4.321052631578946,357.20531249999993,85.01379746835444,18.462658227848113,334.0568421052631,22.0,3.0,267.4791666666667,276.2596306453506,313.48229166666664,167.93730228545098,98.49062275886536,1.1935837268829346,17668,1928
30,87,0,1.0,83.82397590361447,7.03975903614458,353.06699999999984,84.26976744186051,13.67709302325581,310.1118181818182,14.0,5.0,264.81458333333336,272.93997736802817,312.5572916666667,161.1360758701527,98.49062275886536,1.2416720390319824,17668,1928
30,87,0,1.0,60.11750000000001,1.9087500000000008,373.16,83.95182926829261,11.849756097560974,321.48712,11.0,1.0,265.96875,273.34187968568625,314.38958333333335,164.25286367313782,98.49062275886536,1.1904749870300293,17668,1928
30,87,1.0,0,83.82397590361447,7.03975903614458,366.38376811594185,82.84300000000006,5.748874999999997,459.0775,1.0,5.0,276.13958333333335,285.20777969723474,323.63125,173.37781439226154,98.49062275886536,1.0935494899749756,17668,1928
30,87,0,1.0,78.08094594594596,5.554054054054055,366.38376811594185,84.7168292682927,16.681951219512204,338.61333333333306,19.0,4.0,273.38645833333334,281.78005925861737,322.67291666666665,166.35985435643136,98.49062275886536,1.1336240768432615,17668,1928
30,87,0,1.0,60.11750000000001,1.9087500000000008,385.0433333333336,84.1716666666667,13.078076923076924,332.7401351351352,13.0,1.0,274.57708333333335,282.19602874862187,324.5729166666667,169.57505742244757,98.49062275886536,1.0064256191253662,17668,1928
30,87,no_sol,no_sol,no_sol,no_sol,no_sol,no_sol,no_sol,no_sol,no_sol,no_sol,249.06770833333331,257.24515969482286,291.90416666666664,156.3760224564673,98.49062275886536,0.7385489940643309,17668,1928
30,87,no_sol,no_sol,no_sol,no_sol,no_sol,no_sol,no_sol,no_sol,no_sol,no_sol,246.58541666666667,254.15219725719413,291.04375,150.04309506806425,98.49062275886536,0.7631292343139648,17668,1928
30,87,no_sol,no_sol,no_sol,no_sol,no_sol,no_sol,no_sol,no_sol,no_sol,no_sol,247.6604166666667,254.5271070531121,292.75,152.9459034266691,98.49062275886536,0.7739419937133789,17668,1928
30,87,0,1.0,72.07368421052631,4.321052631578946,357.20531249999993,85.01379746835444,18.462658227848113,334.0568421052631,22.0,3.0,268.021875,276.81694997293374,314.1177083333333,168.2783990363833,98.49062275886536,1.1876323223114014,17668,1928
30,87,0,1.0,83.82397590361447,7.03975903614458,353.06699999999984,86.17620253164554,23.26506329113923,321.4871199999999,30.00000000000001,5.0,265.3489583333333,273.4901426448766,313.184375,161.46353582680118,98.49062275886536,1.1956844329833984,17668,1928
30,87,0,1.0,60.11750000000001,1.9087500000000008,373.16,85.01379746835444,18.462658227848113,321.48712,22.0,1.0,266.50625,273.89533615830493,315.028125,164.5875588295919,98.49062275886536,1.2487099170684814,17668,1928
60,no,0,1.0,60.11750000000001,1.9087500000000008,364.16,88.3555681818182,59.470681818181816,296.5314285714289,90.0,1.0,265.31458333333336,274.0186280845271,310.93958333333336,166.5787792101975,98.49062275886536,1.3158676624298096,17664,1928
60,no,0,1.0,114.78134328358209,18.29850746268657,345.54125,86.08627906976746,22.66686046511629,293.7309677419356,29.0,12.0,262.66770833333334,270.722787757911,310.025,159.83073859555304,98.49062275886536,1.178194522857666,17664,1928
60,no,0,1.0,60.11750000000001,1.9087500000000008,369.57,88.3555681818182,59.470681818181816,307.32894736842115,90.0,1.0,263.81875,271.12750010853597,311.83958333333334,162.92226832601204,98.49062275886536,1.231029987335205,17664,1928
60,no,1.0,0,171.55253012048198,59.75662650602411,337.7721739130435,88.3555681818182,59.470681818181816,347.7529577464788,90.0,33.0,273.4322916666667,282.4094580181082,320.453125,171.67819396155423,98.49062275886536,1.1532180309295654,17664,1928
60,no,0,1.0,60.11750000000001,1.9087500000000008,372.385,88.3555681818182,59.470681818181816,297.8375,89.99999999999999,1.0,270.70520833333336,279.0127044485727,319.5135416666667,164.72705683682707,98.49062275886536,1.1436867713928225,17664,1928
60,no,0,1.0,60.11750000000001,1.9087500000000008,385.235,88.3555681818182,59.470681818181816,300.27,89.99999999999999,1.0,271.88958333333335,279.4281923556743,321.3843750000001,167.9097663975884,98.49062275886536,1.1887507438659668,17664,1928
60,no,no_sol,no_sol,no_sol,no_sol,no_sol,no_sol,no_sol,no_sol,no_sol,no_sol,295.090625,304.77359222261384,345.84166666666664,185.27619791513663,98.49062275886536,0.8072631359100342,17664,1928
60,no,no_sol,no_sol,no_sol,no_sol,no_sol,no_sol,no_sol,no_sol,no_sol,no_sol,292.15208333333334,301.1131694712024,344.81875,177.77185244981138,98.49062275886536,0.8154726028442383,17664,1928
60,no,no_sol,no_sol,no_sol,no_sol,no_sol,no_sol,no_sol,no_sol,no_sol,no_sol,293.4239583333333,301.55676246520864,346.8447916666667,181.2081054281879,98.49062275886536,0.7954990863800049,17664,1928
60,no,0,1.0,60.11750000000001,1.9087500000000008,371.95,88.3555681818182,59.470681818181816,326.8413157894736,90.0,1.0,270.7270833333334,279.61320288002565,317.28541666666666,169.9782939446281,98.49062275886536,1.084482192993164,17664,1928
60,no,0,1.0,60.11750000000001,1.9087500000000008,368.15,88.3555681818182,59.470681818181816,293.9483333333334,90.0,1.0,268.02708333333334,276.25142249979405,316.3489583333333,163.09529358807873,98.49062275886536,1.1266756057739258,17664,1928
60,no,0,1.0,60.11750000000001,1.9087500000000008,377.49,88.3555681818182,59.470681818181816,296.53142857142893,90.0,1.0,269.1979166666667,276.6617632519169,318.20625,166.24866027812325,98.49062275886536,1.1735789775848389,17664,1928
60,no,0,1.0,60.11750000000001,1.9087500000000008,364.16,88.3555681818182,59.470681818181816,296.5314285714289,90.0,1.0,265.5833333333333,274.3005588715091,311.2572916666667,166.7453052467493,98.49062275886536,1.2265856266021729,17664,1928
60,no,0,1.0,114.78134328358209,18.29850746268657,345.54125,86.08627906976746,22.66686046511629,310.11181818181825,29.0,12.0,262.9375,271.0063053732945,310.34270833333335,159.99631033818122,98.49062275886536,1.2519516944885254,17664,1928
60,no,0,1.0,60.11750000000001,1.9087500000000008,369.57,88.3555681818182,59.470681818181816,307.32894736842115,90.0,1.0,264.08125,271.40611494911246,312.16041666666666,163.08534414479553,98.49062275886536,1.202833890914917,17664,1928
60,no,1.0,0,169.5088505747126,57.397701149425316,337.7721739130435,82.84300000000006,5.748874999999997,512.51,1.0,32.0,275.33229166666666,284.3675363470338,322.684375,172.8620923887769,98.49062275886536,1.192389726638794,17664,1928
60,no,0,1.0,60.11750000000001,1.9087500000000008,385.235,88.3555681818182,59.470681818181816,311.16,90.0,1.0,272.58020833333336,280.9469636410461,321.73125,165.86233832138478,98.49062275886536,1.1680247783660889,17664,1928
60,no,0,1.0,60.11750000000001,1.9087500000000008,377.94857142857137,86.35628205128204,24.034102564102557,332.7401351351352,31.0,1.0,273.778125,281.3682189332176,323.6166666666666,169.0708718917077,98.49062275886536,1.100208044052124,17664,1928
60,no,0,1.0,60.11750000000001,1.9087500000000008,367.685,88.3555681818182,59.470681818181816,306.46,90.0,1.0,267.4791666666667,276.2596306453506,313.48229166666664,167.93730228545098,98.49062275886536,1.1821465492248535,17664,1928
60,no,0,1.0,128.23506329113926,27.008860759493675,347.15199999999993,86.08627906976746,22.66686046511629,310.11181818181825,29.0,16.0,264.81458333333336,272.93997736802817,312.5572916666667,161.1360758701527,98.49062275886536,1.2534866333007812,17664,1928
60,no,0,1.0,60.11750000000001,1.9087500000000008,373.16,88.3555681818182,59.470681818181816,300.03250000000014,90.0,1.0,265.96875,273.34187968568625,314.38958333333335,164.25286367313782,98.49062275886536,1.2227373123168943,17664,1928
60,no,1.0,0,171.55253012048198,59.75662650602411,337.7721739130435,88.3555681818182,59.470681818181816,369.95,90.0,33.0,276.13958333333335,285.20777969723474,323.63125,173.37781439226154,98.49062275886536,1.12227201461792,17664,1928
60,no,0,1.0,60.11750000000001,1.9087500000000008,377.94857142857137,88.3555681818182,59.470681818181816,311.16,90.0,1.0,273.38645833333334,281.78005925861737,322.67291666666665,166.35985435643136,98.49062275886536,1.113877773284912,17664,1928
60,no,0,1.0,171.55253012048198,59.75662650602411,345.10749999999985,88.3555681818182,59.470681818181816,312.0774468085105,90.0,33.0,274.57708333333335,282.19602874862187,324.5729166666667,169.57505742244757,98.49062275886536,1.0840687751770022,17664,1928
60,no,no_sol,no_sol,no_sol,no_sol,no_sol,no_sol,no_sol,no_sol,no_sol,no_sol,249.06770833333331,257.24515969482286,291.90416666666664,156.3760224564673,98.49062275886536,0.8346498012542725,17664,1928
60,no,no_sol,no_sol,no_sol,no_sol,no_sol,no_sol,no_sol,no_sol,no_sol,no_sol,246.58541666666667,254.15219725719413,291.04375,150.04309506806425,98.49062275886536,0.8301725387573242,17664,1928
60,no,no_sol,no_sol,no_sol,no_sol,no_sol,no_sol,no_sol,no_sol,no_sol,no_sol,247.6604166666667,254.5271070531121,292.75,152.9459034266691,98.49062275886536,0.7779057025909424,17664,1928
60,no,0,1.0,60.11750000000001,1.9087500000000008,367.685,88.3555681818182,59.470681818181816,312.67,90.0,1.0,268.021875,276.81694997293374,314.1177083333333,168.2783990363833,98.49062275886536,1.1893506050109863,17664,1928
60,no,0,1.0,60.11750000000001,1.9087500000000008,364.28,83.95182926829261,11.849756097560974,321.48712,11.0,1.0,265.3489583333333,273.4901426448766,313.184375,161.46353582680118,98.49062275886536,1.2088236808776855,17664,1928
60,no,0,1.0,60.11750000000001,1.9087500000000008,373.16,88.3555681818182,59.470681818181816,315.16125,90.0,1.0,266.50625,273.89533615830493,315.028125,164.5875588295919,98.49062275886536,1.1736342906951904,17664,1928
60,83,1.0,0,72.07368421052631,4.321052631578946,352.61352941176483,82.84300000000006,5.748874999999997,382.77560975609765,1.0000000000000284,3.0,265.31458333333336,274.0186280845271,310.93958333333336,166.5787792101975,98.49062275886536,1.184211254119873,17668,1928
60,83,1.0,0,72.07368421052631,4.321052631578946,349.2100000000001,82.84300000000006,5.748874999999997,382.77560975609765,1.0000000000000284,3.0,262.66770833333334,270.722787757911,310.025,159.83073859555304,98.49062275886536,1.0996005535125732,17668,1928
60,83,1.0,0,78.08094594594596,5.554054054054055,357.20531249999993,82.84300000000006,5.748874999999997,382.77560975609765,1.0000000000000284,4.0,263.81875,271.12750010853597,311.83958333333334,162.92226832601204,98.49062275886536,1.1862928867340088,17668,1928
60,83,1.0,0,78.08094594594596,5.554054054054055,363.750625,82.84300000000006,5.748874999999997,427.9463636363637,1.0000000000000284,4.0,273.4322916666667,282.4094580181082,320.453125,171.67819396155423,98.49062275886536,1.05820631980896,17668,1928
60,83,1.0,0,78.08094594594596,5.554054054054055,360.2822222222223,82.84300000000006,5.748874999999997,383.73833333333334,1.0000000000000284,4.0,270.70520833333336,279.0127044485727,319.5135416666667,164.72705683682707,98.49062275886536,1.102086305618286,17668,1928
60,83,1.0,0,78.08094594594596,5.554054054054055,372.26780487804876,82.84300000000006,5.748874999999997,405.565,1.0000000000000284,4.0,271.88958333333335,279.4281923556743,321.3843750000001,167.9097663975884,98.49062275886536,1.0273211002349854,17668,1928
60,83,no_sol,no_sol,no_sol,no_sol,no_sol,no_sol,no_sol,no_sol,no_sol,no_sol,295.090625,304.77359222261384,345.84166666666664,185.27619791513663,98.49062275886536,0.7676112651824951,17668,1928
60,83,no_sol,no_sol,no_sol,no_sol,no_sol,no_sol,no_sol,no_sol,no_sol,no_sol,292.15208333333334,301.1131694712024,344.81875,177.77185244981138,98.49062275886536,0.7822401523590088,17668,1928
60,83,no_sol,no_sol,no_sol,no_sol,no_sol,no_sol,no_sol,no_sol,no_sol,no_sol,293.4239583333333,301.55676246520864,346.8447916666667,181.2081054281879,98.49062275886536,0.7802174091339111,17668,1928
60,83,1.0,0,78.08094594594596,5.554054054054055,360.51130434782607,82.84300000000006,5.748874999999997,420.0038461538462,1.0000000000000284,4.0,270.7270833333334,279.61320288002565,317.28541666666666,169.9782939446281,98.49062275886536,1.129544973373413,17668,1928
60,83,0,1.0,60.11750000000001,1.9087500000000008,368.15,82.84300000000006,5.748874999999997,353.19428571428574,1.0000000000000284,1.0,268.02708333333334,276.25142249979405,316.3489583333333,163.09529358807873,98.49062275886536,1.1674396991729736,17668,1928
60,83,1.0,0,78.08094594594596,5.554054054054055,366.588,82.84300000000006,5.748874999999997,383.73833333333334,1.0000000000000284,4.0,269.1979166666667,276.6617632519169,318.20625,166.24866027812325,98.49062275886536,1.1486897468566897,17668,1928
60,83,1.0,0,72.07368421052631,4.321052631578946,352.61352941176483,82.84300000000006,5.748874999999997,382.77560975609765,1.0000000000000284,3.0,265.5833333333333,274.3005588715091,311.2572916666667,166.7453052467493,98.49062275886536,1.2236392498016355,17668,1928
60,83,1.0,0,72.07368421052631,4.321052631578946,349.2100000000001,82.84300000000006,5.748874999999997,382.77560975609765,1.0000000000000284,3.0,262.9375,271.0063053732945,310.34270833333335,159.99631033818122,98.49062275886536,1.261821746826172,17668,1928
60,83,1.0,0,78.08094594594596,5.554054054054055,357.20531249999993,82.84300000000006,5.748874999999997,382.77560975609765,1.0000000000000284,4.0,264.08125,271.40611494911246,312.16041666666666,163.08534414479553,98.49062275886536,1.1916275024414062,17668,1928
60,83,1.0,0,65.97842105263156,3.0894736842105264,366.3837681159417,82.84300000000006,5.748874999999997,512.51,1.0,2.0,275.33229166666666,284.3675363470338,322.684375,172.8620923887769,98.49062275886536,1.131722927093506,17668,1928
60,83,1.0,0,78.08094594594596,5.554054054054055,372.26780487804876,82.84300000000006,5.748874999999997,405.565,1.0000000000000284,4.0,272.58020833333336,280.9469636410461,321.73125,165.86233832138478,98.49062275886536,1.1466777324676514,17668,1928
60,83,1.0,0,78.08094594594596,5.554054054054055,366.38376811594185,82.84300000000006,5.748874999999997,427.9463636363637,1.0000000000000284,4.0,273.778125,281.3682189332176,323.6166666666666,169.0708718917077,98.49062275886536,1.0302951335906982,17668,1928
60,83,1.0,0,78.08094594594596,5.554054054054055,357.20531249999993,82.84300000000006,5.748874999999997,382.77560975609765,1.0000000000000284,4.0,267.4791666666667,276.2596306453506,313.48229166666664,167.93730228545098,98.49062275886536,1.1970014572143557,17668,1928
60,83,1.0,0,72.07368421052631,4.321052631578946,353.06699999999984,82.84300000000006,5.748874999999997,382.77560975609765,1.0000000000000284,3.0,264.81458333333336,272.93997736802817,312.5572916666667,161.1360758701527,98.49062275886536,1.2522034645080566,17668,1928
60,83,1.0,0,78.08094594594596,5.554054054054055,360.1970588235293,82.84300000000006,5.748874999999997,382.77560975609765,1.0000000000000284,4.0,265.96875,273.34187968568625,314.38958333333335,164.25286367313782,98.49062275886536,1.1738624572753906,17668,1928
60,83,1.0,0,78.08094594594596,5.554054054054055,366.38376811594185,82.84300000000006,5.748874999999997,459.0774999999999,1.0,4.0,276.13958333333335,285.20777969723474,323.63125,173.37781439226154,98.49062275886536,1.0761647224426272,17668,1928
60,83,1.0,0,78.08094594594596,5.554054054054055,366.38376811594185,82.84300000000006,5.748874999999997,405.565,1.0000000000000284,4.0,273.38645833333334,281.78005925861737,322.67291666666665,166.35985435643136,98.49062275886536,1.0678870677947998,17668,1928
60,83,1.0,0,72.07368421052631,4.321052631578946,373.28545454545434,82.84300000000006,5.748874999999997,427.9463636363637,1.0000000000000284,3.0,274.57708333333335,282.19602874862187,324.5729166666667,169.57505742244757,98.49062275886536,1.1558218002319336,17668,1928
60,83,no_sol,no_sol,no_sol,no_sol,no_sol,no_sol,no_sol,no_sol,no_sol,no_sol,249.06770833333331,257.24515969482286,291.90416666666664,156.3760224564673,98.49062275886536,0.7930479049682617,17668,1928
60,83,no_sol,no_sol,no_sol,no_sol,no_sol,no_sol,no_sol,no_sol,no_sol,no_sol,246.58541666666667,254.15219725719413,291.04375,150.04309506806425,98.49062275886536,0.7957994937896729,17668,1928
60,83,no_sol,no_sol,no_sol,no_sol,no_sol,no_sol,no_sol,no_sol,no_sol,no_sol,247.6604166666667,254.5271070531121,292.75,152.9459034266691,98.49062275886536,0.7936267852783203,17668,1928
60,83,1.0,0,78.08094594594596,5.554054054054055,357.20531249999993,82.84300000000006,5.748874999999997,382.77560975609765,1.0000000000000284,4.0,268.021875,276.81694997293374,314.1177083333333,168.2783990363833,98.49062275886536,1.305142879486084,17668,1928
60,83,1.0,0,72.07368421052631,4.321052631578946,353.06699999999984,82.84300000000006,5.748874999999997,382.77560975609765,1.0000000000000284,3.0,265.3489583333333,273.4901426448766,313.184375,161.46353582680118,98.49062275886536,1.3168129920959473,17668,1928
60,83,1.0,0,78.08094594594596,5.554054054054055,360.1970588235293,82.84300000000006,5.748874999999997,382.77560975609765,1.0000000000000284,4.0,266.50625,273.89533615830493,315.028125,164.5875588295919,98.49062275886536,1.235271692276001,17668,1928
60,87,0,1.0,83.82397590361447,7.03975903614458,352.6135294117646,86.75297619047613,47.083333333333314,321.42345132743355,68.00000000000001,5.0,265.31458333333336,274.0186280845271,310.93958333333336,166.5787792101975,98.49062275886536,1.22413969039917,17668,1928
60,87,0,1.0,83.82397590361447,7.03975903614458,349.20999999999987,86.17620253164554,23.26506329113923,293.7309677419356,30.0,5.0,262.66770833333334,270.722787757911,310.025,159.83073859555304,98.49062275886536,1.0939717292785645,17668,1928
60,87,0,1.0,65.97842105263156,3.0894736842105264,357.20531249999976,84.1716666666667,13.078076923076924,310.11181818181825,13.0,2.0,263.81875,271.12750010853597,311.83958333333334,162.92226832601204,98.49062275886536,1.3143398761749268,17668,1928
60,87,1.0,0,83.82397590361447,7.03975903614458,363.75062499999984,86.9884146341463,49.88865853658538,405.03886939571146,72.0,5.0,273.4322916666667,282.4094580181082,320.453125,171.67819396155423,98.49062275886536,1.116787672042847,17668,1928
60,87,0,1.0,60.11750000000001,1.9087500000000008,372.385,86.17620253164554,23.26506329113923,323.39363636363635,30.0,1.0,270.70520833333336,279.0127044485727,319.5135416666667,164.72705683682707,98.49062275886536,1.172652006149292,17668,1928
60,87,0,1.0,83.82397590361447,7.03975903614458,372.26780487804876,85.12773333333334,19.0632,310.74722222222226,23.0,5.0,271.88958333333335,279.4281923556743,321.3843750000001,167.9097663975884,98.49062275886536,1.179975986480713,17668,1928
60,87,no_sol,no_sol,no_sol,no_sol,no_sol,no_sol,no_sol,no_sol,no_sol,no_sol,295.090625,304.77359222261384,345.84166666666664,185.27619791513663,98.49062275886536,0.8003544807434082,17668,1928
60,87,no_sol,no_sol,no_sol,no_sol,no_sol,no_sol,no_sol,no_sol,no_sol,no_sol,292.15208333333334,301.1131694712024,344.81875,177.77185244981138,98.49062275886536,0.7912557125091553,17668,1928
60,87,no_sol,no_sol,no_sol,no_sol,no_sol,no_sol,no_sol,no_sol,no_sol,no_sol,293.4239583333333,301.55676246520864,346.8447916666667,181.2081054281879,98.49062275886536,0.8011200428009033,17668,1928
60,87,1.0,0,83.82397590361447,7.03975903614458,360.51130434782584,86.9884146341463,49.88865853658538,382.8625000000001,72.0,5.0,270.7270833333334,279.61320288002565,317.28541666666666,169.9782939446281,98.49062275886536,1.1179862022399902,17668,1928
60,87,0,1.0,83.82397590361447,7.03975903614458,357.22199999999987,86.17620253164554,23.26506329113923,316.2832352941176,30.0,5.0,268.02708333333334,276.25142249979405,316.3489583333333,163.09529358807873,98.49062275886536,1.2057840824127195,17668,1928
60,87,0,1.0,83.82397590361447,7.03975903614458,366.5879999999999,86.17620253164554,23.26506329113923,308.63125,30.0,5.0,269.1979166666667,276.6617632519169,318.20625,166.24866027812325,98.49062275886536,1.1752755641937256,17668,1928
60,87,0,1.0,83.82397590361447,7.03975903614458,352.6135294117646,86.75297619047613,47.083333333333314,321.42345132743355,68.00000000000001,5.0,265.5833333333333,274.3005588715091,311.2572916666667,166.7453052467493,98.49062275886536,1.2883970737457275,17668,1928
60,87,0,1.0,65.97842105263156,3.0894736842105264,349.20999999999987,84.1716666666667,13.078076923076924,310.111818181818,13.000000000000046,2.0,262.9375,271.0063053732945,310.34270833333335,159.99631033818122,98.49062275886536,1.2649669647216797,17668,1928
60,87,0,1.0,65.97842105263156,3.0894736842105264,357.20531249999976,84.1716666666667,13.078076923076924,310.11181818181825,13.0,2.0,264.08125,271.40611494911246,312.16041666666666,163.08534414479553,98.49062275886536,1.2011117935180664,17668,1928
60,87,1.0,0,83.82397590361447,7.03975903614458,366.3837681159417,86.9884146341463,49.88865853658538,464.03,72.0,5.0,275.33229166666666,284.3675363470338,322.684375,172.8620923887769,98.49062275886536,1.0899329185485842,17668,1928
60,87,0,1.0,60.11750000000001,1.9087500000000008,385.235,83.95182926829261,11.849756097560974,338.61333333333334,11.0,1.0,272.58020833333336,280.9469636410461,321.73125,165.86233832138478,98.49062275886536,1.0935921669006348,17668,1928
60,87,0,1.0,65.97842105263156,3.0894736842105264,366.3837681159417,86.35628205128204,24.034102564102557,332.7401351351352,31.0,2.0,273.778125,281.3682189332176,323.6166666666666,169.0708718917077,98.49062275886536,1.1147642135620115,17668,1928
60,87,0,1.0,60.11750000000001,1.9087500000000008,367.685,86.17620253164554,23.26506329113923,334.0568421052631,30.0,1.0,267.4791666666667,276.2596306453506,313.48229166666664,167.93730228545098,98.49062275886536,1.2176036834716797,17668,1928
60,87,0,1.0,83.82397590361447,7.03975903614458,353.06699999999984,84.1716666666667,13.078076923076924,310.11181818181814,13.0,5.0,264.81458333333336,272.93997736802817,312.5572916666667,161.1360758701527,98.49062275886536,1.2262866497039795,17668,1928
60,87,0,1.0,65.97842105263156,3.0894736842105264,366.26199999999994,83.95182926829261,11.849756097560974,321.48712000000006,10.999999999999998,2.0,265.96875,273.34187968568625,314.38958333333335,164.25286367313782,98.49062275886536,1.2039856910705566,17668,1928
60,87,1.0,0,83.82397590361447,7.03975903614458,366.3837681159417,86.9884146341463,49.88865853658538,428.35999999999984,72.0,5.0,276.13958333333335,285.20777969723474,323.63125,173.37781439226154,98.49062275886536,1.095911979675293,17668,1928
60,87,0,1.0,60.11750000000001,1.9087500000000008,377.94857142857137,83.95182926829261,11.849756097560974,338.61333333333334,11.0,1.0,273.38645833333334,281.78005925861737,322.67291666666665,166.35985435643136,98.49062275886536,1.084636688232422,17668,1928
60,87,0,1.0,83.82397590361447,7.03975903614458,373.28545454545434,86.35628205128204,24.034102564102557,332.7401351351352,31.0,5.0,274.57708333333335,282.19602874862187,324.5729166666667,169.57505742244757,98.49062275886536,1.1185221672058103,17668,1928
60,87,no_sol,no_sol,no_sol,no_sol,no_sol,no_sol,no_sol,no_sol,no_sol,no_sol,249.06770833333331,257.24515969482286,291.90416666666664,156.3760224564673,98.49062275886536,0.8031234741210938,17668,1928
60,87,no_sol,no_sol,no_sol,no_sol,no_sol,no_sol,no_sol,no_sol,no_sol,no_sol,246.58541666666667,254.15219725719413,291.04375,150.04309506806425,98.49062275886536,0.8221056461334229,17668,1928
60,87,no_sol,no_sol,no_sol,no_sol,no_sol,no_sol,no_sol,no_sol,no_sol,no_sol,247.6604166666667,254.5271070531121,292.75,152.9459034266691,98.49062275886536,0.8483397960662842,17668,1928
60,87,0,1.0,60.11750000000001,1.9087500000000008,367.685,83.95182926829261,11.849756097560974,334.0568421052631,11.0,1.0,268.021875,276.81694997293374,314.1177083333333,168.2783990363833,98.49062275886536,1.206521987915039,17668,1928
60,87,0,1.0,65.97842105263156,3.0894736842105264,353.06699999999984,83.95182926829261,11.849756097560974,321.48711999999983,11.0,2.0,265.3489583333333,273.4901426448766,313.184375,161.46353582680118,98.49062275886536,1.194938898086548,17668,1928
60,87,0,1.0,65.97842105263156,3.0894736842105264,366.26199999999994,83.95182926829261,11.849756097560974,321.48712,11.000000000000002,2.0,266.50625,273.89533615830493,315.028125,164.5875588295919,98.49062275886536,1.1552941799163818,17668,1928
