time_less_than,mem_less_than,y_memAvg(MB),y_time(sec),y_sol(keuro),y_nTraces,y_PV_mean,y_PV_std,y_Load_mean,y_Load_std,embedding_time,solve_time,#constraints,#variables
no,no,88.94467532467533,65.04909090909094,296.5314285714285,100.0,265.31458333333336,274.0186280845271,310.93958333333336,166.5787792101975,20.818885087966922,0.2944791316986084,6595,753
no,no,84.17166666666667,13.078076923076924,293.7309677419354,13.000000000000002,262.66770833333334,270.722787757911,310.02500029479165,159.83073876147768,20.818885087966922,0.3277695178985596,6595,753
no,no,88.94467532467533,65.04909090909094,307.328947368421,100.0,263.81875,271.12750010853597,311.83958333333334,162.92226832601204,20.818885087966922,0.27660346031188965,6595,753
no,no,88.94467532467533,65.04909090909094,347.7529577464788,100.0,273.4322916666667,282.4094580181082,320.453125,171.67819396155423,20.818885087966922,0.3513693809509277,6595,753
no,no,88.94467532467533,65.04909090909094,297.83749999999986,100.0,270.70520833333336,279.0127044485727,319.5135416666667,164.72705683682707,20.818885087966922,0.34380125999450684,6595,753
no,no,88.94467532467533,65.04909090909094,300.26999999999987,100.0,271.88958333333335,279.4281923556743,321.3843750000001,167.9097663975884,20.818885087966922,0.3022141456604004,6595,753
no,no,no_sol,no_sol,no_sol,no_sol,295.090625,304.77359222261384,345.84166666666664,185.27619791513663,20.818885087966922,0.15703177452087402,6595,753
no,no,no_sol,no_sol,no_sol,no_sol,292.15208333333334,301.1131694712024,344.81875,177.77185244981138,20.818885087966922,0.14833307266235352,6595,753
no,no,no_sol,no_sol,no_sol,no_sol,293.4239583333333,301.55676246520864,346.8447916666667,181.2081054281879,20.818885087966922,0.14166593551635742,6595,753
no,no,88.94467532467533,65.04909090909094,326.8413157894736,100.0,270.7270833333334,279.61320288002565,317.28541666666666,169.9782939446281,20.818885087966922,0.3794767856597901,6595,753
no,no,88.94467532467533,65.04909090909094,293.94833333333327,100.0,268.02708333333334,276.25142249979405,316.3489583333333,163.09529358807873,20.818885087966922,0.2649946212768555,6595,753
no,no,88.94467532467533,65.04909090909094,296.5314285714285,100.0,269.1979166666667,276.6617632519169,318.20625,166.24866027812325,20.818885087966922,0.3291399478912353,6595,753
no,no,88.94467532467533,65.04909090909094,296.5314285714285,100.0,265.5833333333333,274.3005588715091,311.2572916666667,166.7453052467493,20.818885087966922,0.27091217041015625,6595,753
no,no,84.17166666666667,13.078076923076924,293.7309677419354,13.000000000000002,262.9375,271.0063053732945,310.34270833333335,159.99631033818122,20.818885087966922,0.3535585403442383,6595,753
no,no,88.94467532467533,65.04909090909094,307.328947368421,100.0,264.08125,271.40611494911246,312.16041666666666,163.08534414479553,20.818885087966922,0.2866532802581787,6595,753
no,no,88.94467532467533,65.04909090909094,361.20999999999987,100.0,275.33229166666666,284.3675363470338,322.684375,172.8620923887769,20.818885087966922,0.3053219318389893,6595,753
no,no,88.35556818181819,59.470681818181816,303.57,90.00000000000001,272.58020833333336,280.9469636410461,321.73125,165.86233832138478,20.818885087966922,0.3128035068511963,6595,753
no,no,84.17166666666667,13.078076923076924,332.7401351351351,13.000000000000002,273.778125,281.3682189332176,323.6166666666666,169.0708718917077,20.818885087966922,0.2986869812011719,6595,753
no,no,88.35556818181819,59.470681818181816,306.46,90.00000000000001,267.4791666666667,276.2596306453506,313.48229166666664,167.93730228545098,20.818885087966922,0.27415823936462397,6595,753
no,no,84.17166666666667,13.078076923076924,310.1118181818182,13.000000000000002,264.81458333333336,272.93997736802817,312.5572916666667,161.1360758701527,20.818885087966922,0.3395874500274658,6595,753
no,no,88.94467532467533,65.04909090909094,300.0324999999999,100.0,265.96875,273.34187968568625,314.38958333333335,164.25286367313782,20.818885087966922,0.3576786518096924,6595,753
no,no,88.35556818181819,59.470681818181816,369.95,90.00000000000001,276.13958333333335,285.20777969723474,323.63125,173.37781439226154,20.818885087966922,0.28588438034057617,6595,753
no,no,88.35556818181816,59.470681818181646,311.16,89.99999999999973,273.38645833333334,281.78005925861737,322.67291666666665,166.35985435643136,20.818885087966922,0.3085157871246338,6595,753
no,no,88.94467532467533,65.04909090909094,312.0774468085106,100.0,274.57708333333335,282.19602874862187,324.5729166666667,169.57505742244757,20.818885087966922,0.2556908130645752,6595,753
no,no,no_sol,no_sol,no_sol,no_sol,249.06770833333331,257.24515969482286,291.90416666666664,156.3760224564673,20.818885087966922,0.1450021266937256,6595,753
no,no,no_sol,no_sol,no_sol,no_sol,246.58541666666667,254.15219725719413,291.04375,150.04309506806425,20.818885087966922,0.15928411483764648,6595,753
no,no,no_sol,no_sol,no_sol,no_sol,247.6604166666667,254.5271070531121,292.75,152.9459034266691,20.818885087966922,0.16963696479797366,6595,753
no,no,88.35556818181819,59.470681818181816,312.67,90.00000000000001,268.021875,276.81694997293374,314.1177083333333,168.2783990363833,20.818885087966922,0.31236767768859863,6595,753
no,no,83.95182926829268,11.849756097560975,321.4871199999999,11.000000000000002,265.3489583333333,273.4901426448766,313.184375,161.46353582680118,20.818885087966922,0.3275229930877685,6595,753
no,no,88.94467532467533,65.04909090909094,315.1612499999999,100.0,266.50625,273.89533615830493,315.028125,164.5875588295919,20.818885087966922,0.3068985939025879,6595,753
no,83,82.84299999999999,5.748874999999981,382.77560975609765,1,265.31458333333336,274.0186280845271,310.93958333333336,166.5787792101975,20.818885087966922,0.2895181179046631,6596,753
no,83,82.84299999999999,5.748874999999981,382.77560975609765,1,262.66770833333334,270.722787757911,310.02500029479165,159.83073876147768,20.818885087966922,0.3259150981903076,6596,753
no,83,82.84299999999999,5.748874999999981,382.77560975609765,1,263.81875,271.12750010853597,311.83958333333334,162.92226832601204,20.818885087966922,0.2731430530548096,6596,753
no,83,82.84299999999999,5.748874999999981,427.9463636363636,1,273.4322916666667,282.4094580181082,320.453125,171.67819396155423,20.818885087966922,0.4018833637237549,6596,753
no,83,82.84299999999999,5.748874999999981,383.7383333333333,1,270.70520833333336,279.0127044485727,319.5135416666667,164.72705683682707,20.818885087966922,0.3544950485229492,6596,753
no,83,82.84299999999999,5.748874999999981,405.565,1,271.88958333333335,279.4281923556743,321.3843750000001,167.9097663975884,20.818885087966922,0.26187753677368164,6596,753
no,83,no_sol,no_sol,no_sol,no_sol,295.090625,304.77359222261384,345.84166666666664,185.27619791513663,20.818885087966922,0.20227742195129395,6596,753
no,83,no_sol,no_sol,no_sol,no_sol,292.15208333333334,301.1131694712024,344.81875,177.77185244981138,20.818885087966922,0.15657973289489746,6596,753
no,83,no_sol,no_sol,no_sol,no_sol,293.4239583333333,301.55676246520864,346.8447916666667,181.2081054281879,20.818885087966922,0.1386702060699463,6596,753
no,83,82.84299999999999,5.748874999999981,420.0038461538462,1,270.7270833333334,279.61320288002565,317.28541666666666,169.9782939446281,20.818885087966922,0.2919890880584717,6596,753
no,83,82.84299999999999,5.748874999999981,353.1942857142857,1,268.02708333333334,276.25142249979405,316.3489583333333,163.09529358807873,20.818885087966922,0.2716147899627685,6596,753
no,83,82.84299999999999,5.748874999999981,383.7383333333333,1,269.1979166666667,276.6617632519169,318.20625,166.24866027812325,20.818885087966922,0.27713561058044434,6596,753
no,83,82.84299999999999,5.748874999999981,382.77560975609765,1,265.5833333333333,274.3005588715091,311.2572916666667,166.7453052467493,20.818885087966922,0.26857709884643555,6596,753
no,83,82.84299999999999,5.748874999999981,382.77560975609765,1,262.9375,271.0063053732945,310.34270833333335,159.99631033818122,20.818885087966922,0.2987511157989502,6596,753
no,83,82.84299999999999,5.748874999999981,382.77560975609765,1,264.08125,271.40611494911246,312.16041666666666,163.08534414479553,20.818885087966922,0.26909852027893066,6596,753
no,83,82.93710526315789,6.3986842105263175,423.5575,2.0,275.33229166666666,284.3675363470338,322.684375,172.8620923887769,20.818885087966922,0.23519206047058105,6596,753
no,83,82.84299999999999,5.748874999999981,405.565,1,272.58020833333336,280.9469636410461,321.73125,165.86233832138478,20.818885087966922,0.29557013511657715,6596,753
no,83,82.84299999999999,5.748874999999981,427.9463636363636,1,273.778125,281.3682189332176,323.6166666666666,169.0708718917077,20.818885087966922,0.258173942565918,6596,753
no,83,82.84299999999999,5.748874999999981,382.77560975609765,1,267.4791666666667,276.2596306453506,313.48229166666664,167.93730228545098,20.818885087966922,0.3717186450958252,6596,753
no,83,82.84299999999999,5.748874999999981,382.77560975609765,1,264.81458333333336,272.93997736802817,312.5572916666667,161.1360758701527,20.818885087966922,0.29279732704162603,6596,753
no,83,82.84299999999999,5.748874999999981,382.77560975609765,1,265.96875,273.34187968568625,314.38958333333335,164.25286367313782,20.818885087966922,0.26798367500305176,6596,753
no,83,82.84299999999999,5.748875,459.0774999999995,1,276.13958333333335,285.20777969723474,323.63125,173.37781439226154,20.818885087966922,0.2902295589447021,6596,753
no,83,82.84299999999999,5.748874999999981,405.565,1,273.38645833333334,281.78005925861737,322.67291666666665,166.35985435643136,20.818885087966922,0.24448466300964355,6596,753
no,83,82.84299999999999,5.748874999999981,427.9463636363636,1,274.57708333333335,282.19602874862187,324.5729166666667,169.57505742244757,20.818885087966922,0.2853536605834961,6596,753
no,83,no_sol,no_sol,no_sol,no_sol,249.06770833333331,257.24515969482286,291.90416666666664,156.3760224564673,20.818885087966922,0.21356534957885745,6596,753
no,83,no_sol,no_sol,no_sol,no_sol,246.58541666666667,254.15219725719413,291.04375,150.04309506806425,20.818885087966922,0.14316606521606445,6596,753
no,83,no_sol,no_sol,no_sol,no_sol,247.6604166666667,254.5271070531121,292.75,152.9459034266691,20.818885087966922,0.15261101722717285,6596,753
no,83,82.84299999999999,5.748874999999981,382.77560975609765,1,268.021875,276.81694997293374,314.1177083333333,168.2783990363833,20.818885087966922,0.31639647483825684,6596,753
no,83,82.84299999999999,5.748874999999981,382.77560975609765,1,265.3489583333333,273.4901426448766,313.184375,161.46353582680118,20.818885087966922,0.281388521194458,6596,753
no,83,82.84299999999999,5.748874999999981,382.77560975609765,1,266.50625,273.89533615830493,315.028125,164.5875588295919,20.818885087966922,0.3454384803771973,6596,753
no,87,86.9315,48.68774999999999,321.4234513274337,71.00000000000001,265.31458333333336,274.0186280845271,310.93958333333336,166.5787792101975,20.818885087966922,0.2849617004394531,6596,753
no,87,84.17166666666667,13.078076923076924,293.7309677419355,13.000000000000002,262.66770833333334,270.722787757911,310.02500029479165,159.83073876147768,20.818885087966922,0.3364899158477783,6596,753
no,87,86.17620253164557,23.265063291139235,310.11181818181814,29.999999999999996,263.81875,271.12750010853597,311.83958333333334,162.92226832601204,20.818885087966922,0.3007030487060547,6596,753
no,87,84.17166666666667,13.078076923076924,364.87536290322583,12.999999999999998,273.4322916666667,282.4094580181082,320.453125,171.67819396155423,20.818885087966922,0.3543848991394043,6596,753
no,87,85.33525,20.2715,323.39363636363635,25.0,270.70520833333336,279.0127044485727,319.5135416666667,164.72705683682707,20.818885087966922,0.30050063133239746,6596,753
no,87,83.95182926829268,11.849756097560975,310.74722222222215,11.000000000000002,271.88958333333335,279.4281923556743,321.3843750000001,167.9097663975884,20.818885087966922,0.27309465408325195,6596,753
no,87,no_sol,no_sol,no_sol,no_sol,295.090625,304.77359222261384,345.84166666666664,185.27619791513663,20.818885087966922,0.18233680725097656,6596,753
no,87,no_sol,no_sol,no_sol,no_sol,292.15208333333334,301.1131694712024,344.81875,177.77185244981138,20.818885087966922,0.1397256851196289,6596,753
no,87,no_sol,no_sol,no_sol,no_sol,293.4239583333333,301.55676246520864,346.8447916666667,181.2081054281879,20.818885087966922,0.1557464599609375,6596,753
no,87,84.17166666666667,13.078076923076924,364.87536290322583,13.000000000000002,270.7270833333334,279.61320288002565,317.28541666666666,169.9782939446281,20.818885087966922,0.29024267196655273,6596,753
no,87,83.95182926829268,11.849756097560975,316.2832352941176,11.000000000000002,268.02708333333334,276.25142249979405,316.3489583333333,163.09529358807873,20.818885087966922,0.2950155735015869,6596,753
no,87,83.95182926829268,11.849756097560975,308.63125,11.000000000000002,269.1979166666667,276.6617632519169,318.20625,166.24866027812325,20.818885087966922,0.2928190231323242,6596,753
no,87,86.9315,48.68774999999999,321.4234513274337,71.00000000000001,265.5833333333333,274.3005588715091,311.2572916666667,166.7453052467493,20.818885087966922,0.314863920211792,6596,753
no,87,84.17166666666667,13.078076923076924,293.7309677419355,13.000000000000002,262.9375,271.0063053732945,310.34270833333335,159.99631033818122,20.818885087966922,0.3328895568847656,6596,753
no,87,86.17620253164557,23.265063291139235,310.11181818181814,29.999999999999996,264.08125,271.40611494911246,312.16041666666666,163.08534414479553,20.818885087966922,0.3162815570831299,6596,753
no,87,83.50958904109591,9.451095890410958,402.2245,7.000000000000001,275.33229166666666,284.3675363470338,322.684375,172.8620923887769,20.818885087966922,0.29403209686279297,6596,753
no,87,83.95182926829268,11.849756097560975,338.61333333333334,11.000000000000002,272.58020833333336,280.9469636410461,321.73125,165.86233832138478,20.818885087966922,0.3010854721069336,6596,753
no,87,86.35628205128204,24.034102564102568,332.74013513513523,31.00000000000001,273.778125,281.3682189332176,323.6166666666666,169.0708718917077,20.818885087966922,0.2737865447998047,6596,753
no,87,84.0565671641791,12.477014925373151,334.0568421052632,11.999999999999973,267.4791666666667,276.2596306453506,313.48229166666664,167.93730228545098,20.818885087966922,0.2760891914367676,6596,753
no,87,84.17166666666667,13.078076923076924,310.11181818181814,13.000000000000002,264.81458333333336,272.93997736802817,312.5572916666667,161.1360758701527,20.818885087966922,0.2627222537994385,6596,753
no,87,86.17620253164557,23.265063291139235,321.4871199999999,30.0,265.96875,273.34187968568625,314.38958333333335,164.25286367313782,20.818885087966922,0.26914405822753906,6596,753
no,87,86.35628205128204,24.034102564102568,408.5374137931034,31.0,276.13958333333335,285.20777969723474,323.63125,173.37781439226154,20.818885087966922,0.2632608413696289,6596,753
no,87,83.95182926829268,11.849756097560975,338.61333333333334,11.000000000000002,273.38645833333334,281.78005925861737,322.67291666666665,166.35985435643136,20.818885087966922,0.2776288986206055,6596,753
no,87,86.35628205128204,24.034102564102568,332.74013513513523,31.00000000000001,274.57708333333335,282.19602874862187,324.5729166666667,169.57505742244757,20.818885087966922,0.28641510009765625,6596,753
no,87,no_sol,no_sol,no_sol,no_sol,249.06770833333331,257.24515969482286,291.90416666666664,156.3760224564673,20.818885087966922,0.1972339153289795,6596,753
no,87,no_sol,no_sol,no_sol,no_sol,246.58541666666667,254.15219725719413,291.04375,150.04309506806425,20.818885087966922,0.16921424865722656,6596,753
no,87,no_sol,no_sol,no_sol,no_sol,247.6604166666667,254.5271070531121,292.75,152.9459034266691,20.818885087966922,0.1928517818450928,6596,753
no,87,83.95182926829268,11.849756097560975,334.0568421052632,11.0,268.021875,276.81694997293374,314.1177083333333,168.2783990363833,20.818885087966922,0.33629536628723145,6596,753
no,87,83.95182926829268,11.849756097560975,321.4871199999999,11.000000000000002,265.3489583333333,273.4901426448766,313.184375,161.46353582680118,20.818885087966922,0.3271615505218506,6596,753
no,87,83.95182926829268,11.849756097560975,321.4871199999999,11.000000000000002,266.50625,273.89533615830493,315.028125,164.5875588295919,20.818885087966922,0.4111874103546143,6596,753
5,no,no_sol,no_sol,no_sol,no_sol,265.31458333333336,274.0186280845271,310.93958333333336,166.5787792101975,20.818885087966922,0.2681689262390137,6596,753
5,no,no_sol,no_sol,no_sol,no_sol,262.66770833333334,270.722787757911,310.02500029479165,159.83073876147768,20.818885087966922,0.187028169631958,6596,753
5,no,no_sol,no_sol,no_sol,no_sol,263.81875,271.12750010853597,311.83958333333334,162.92226832601204,20.818885087966922,0.19636249542236328,6596,753
5,no,no_sol,no_sol,no_sol,no_sol,273.4322916666667,282.4094580181082,320.453125,171.67819396155423,20.818885087966922,0.22392606735229487,6596,753
5,no,no_sol,no_sol,no_sol,no_sol,270.70520833333336,279.0127044485727,319.5135416666667,164.72705683682707,20.818885087966922,0.2540726661682129,6596,753
5,no,no_sol,no_sol,no_sol,no_sol,271.88958333333335,279.4281923556743,321.3843750000001,167.9097663975884,20.818885087966922,0.2197020053863525,6596,753
5,no,no_sol,no_sol,no_sol,no_sol,295.090625,304.77359222261384,345.84166666666664,185.27619791513663,20.818885087966922,0.18315553665161133,6596,753
5,no,no_sol,no_sol,no_sol,no_sol,292.15208333333334,301.1131694712024,344.81875,177.77185244981138,20.818885087966922,0.16412734985351562,6596,753
5,no,no_sol,no_sol,no_sol,no_sol,293.4239583333333,301.55676246520864,346.8447916666667,181.2081054281879,20.818885087966922,0.13556957244873047,6596,753
5,no,no_sol,no_sol,no_sol,no_sol,270.7270833333334,279.61320288002565,317.28541666666666,169.9782939446281,20.818885087966922,0.19855308532714844,6596,753
5,no,no_sol,no_sol,no_sol,no_sol,268.02708333333334,276.25142249979405,316.3489583333333,163.09529358807873,20.818885087966922,0.19132518768310547,6596,753
5,no,no_sol,no_sol,no_sol,no_sol,269.1979166666667,276.6617632519169,318.20625,166.24866027812325,20.818885087966922,0.2261056900024414,6596,753
5,no,no_sol,no_sol,no_sol,no_sol,265.5833333333333,274.3005588715091,311.2572916666667,166.7453052467493,20.818885087966922,0.19400739669799805,6596,753
5,no,no_sol,no_sol,no_sol,no_sol,262.9375,271.0063053732945,310.34270833333335,159.99631033818122,20.818885087966922,0.19350171089172366,6596,753
5,no,no_sol,no_sol,no_sol,no_sol,264.08125,271.40611494911246,312.16041666666666,163.08534414479553,20.818885087966922,0.18917441368103027,6596,753
5,no,no_sol,no_sol,no_sol,no_sol,275.33229166666666,284.3675363470338,322.684375,172.8620923887769,20.818885087966922,0.18353819847106934,6596,753
5,no,no_sol,no_sol,no_sol,no_sol,272.58020833333336,280.9469636410461,321.73125,165.86233832138478,20.818885087966922,0.1887032985687256,6596,753
5,no,no_sol,no_sol,no_sol,no_sol,273.778125,281.3682189332176,323.6166666666666,169.0708718917077,20.818885087966922,0.2218794822692871,6596,753
5,no,no_sol,no_sol,no_sol,no_sol,267.4791666666667,276.2596306453506,313.48229166666664,167.93730228545098,20.818885087966922,0.2244558334350586,6596,753
5,no,no_sol,no_sol,no_sol,no_sol,264.81458333333336,272.93997736802817,312.5572916666667,161.1360758701527,20.818885087966922,0.2124330997467041,6596,753
5,no,no_sol,no_sol,no_sol,no_sol,265.96875,273.34187968568625,314.38958333333335,164.25286367313782,20.818885087966922,0.19373416900634768,6596,753
5,no,no_sol,no_sol,no_sol,no_sol,276.13958333333335,285.20777969723474,323.63125,173.37781439226154,20.818885087966922,0.1648862361907959,6596,753
5,no,no_sol,no_sol,no_sol,no_sol,273.38645833333334,281.78005925861737,322.67291666666665,166.35985435643136,20.818885087966922,0.2082056999206543,6596,753
5,no,no_sol,no_sol,no_sol,no_sol,274.57708333333335,282.19602874862187,324.5729166666667,169.57505742244757,20.818885087966922,0.17879223823547366,6596,753
5,no,no_sol,no_sol,no_sol,no_sol,249.06770833333331,257.24515969482286,291.90416666666664,156.3760224564673,20.818885087966922,0.23377227783203125,6596,753
5,no,no_sol,no_sol,no_sol,no_sol,246.58541666666667,254.15219725719413,291.04375,150.04309506806425,20.818885087966922,0.21731996536254886,6596,753
5,no,no_sol,no_sol,no_sol,no_sol,247.6604166666667,254.5271070531121,292.75,152.9459034266691,20.818885087966922,0.18990540504455566,6596,753
5,no,no_sol,no_sol,no_sol,no_sol,268.021875,276.81694997293374,314.1177083333333,168.2783990363833,20.818885087966922,0.20945167541503906,6596,753
5,no,no_sol,no_sol,no_sol,no_sol,265.3489583333333,273.4901426448766,313.184375,161.46353582680118,20.818885087966922,0.19839835166931152,6596,753
5,no,no_sol,no_sol,no_sol,no_sol,266.50625,273.89533615830493,315.028125,164.5875588295919,20.818885087966922,0.18015599250793454,6596,753
5,83,no_sol,no_sol,no_sol,no_sol,265.31458333333336,274.0186280845271,310.93958333333336,166.5787792101975,20.818885087966922,0.17641139030456546,6597,753
5,83,no_sol,no_sol,no_sol,no_sol,262.66770833333334,270.722787757911,310.02500029479165,159.83073876147768,20.818885087966922,0.17333340644836426,6597,753
5,83,no_sol,no_sol,no_sol,no_sol,263.81875,271.12750010853597,311.83958333333334,162.92226832601204,20.818885087966922,0.1815958023071289,6597,753
5,83,no_sol,no_sol,no_sol,no_sol,273.4322916666667,282.4094580181082,320.453125,171.67819396155423,20.818885087966922,0.17307758331298828,6597,753
5,83,no_sol,no_sol,no_sol,no_sol,270.70520833333336,279.0127044485727,319.5135416666667,164.72705683682707,20.818885087966922,0.16953086853027344,6597,753
5,83,no_sol,no_sol,no_sol,no_sol,271.88958333333335,279.4281923556743,321.3843750000001,167.9097663975884,20.818885087966922,0.18311262130737305,6597,753
5,83,no_sol,no_sol,no_sol,no_sol,295.090625,304.77359222261384,345.84166666666664,185.27619791513663,20.818885087966922,0.1381359100341797,6597,753
5,83,no_sol,no_sol,no_sol,no_sol,292.15208333333334,301.1131694712024,344.81875,177.77185244981138,20.818885087966922,0.14475154876708984,6597,753
5,83,no_sol,no_sol,no_sol,no_sol,293.4239583333333,301.55676246520864,346.8447916666667,181.2081054281879,20.818885087966922,0.14351320266723633,6597,753
5,83,no_sol,no_sol,no_sol,no_sol,270.7270833333334,279.61320288002565,317.28541666666666,169.9782939446281,20.818885087966922,0.16487407684326172,6597,753
5,83,no_sol,no_sol,no_sol,no_sol,268.02708333333334,276.25142249979405,316.3489583333333,163.09529358807873,20.818885087966922,0.17632818222045898,6597,753
5,83,no_sol,no_sol,no_sol,no_sol,269.1979166666667,276.6617632519169,318.20625,166.24866027812325,20.818885087966922,0.1779632568359375,6597,753
5,83,no_sol,no_sol,no_sol,no_sol,265.5833333333333,274.3005588715091,311.2572916666667,166.7453052467493,20.818885087966922,0.1804194450378418,6597,753
5,83,no_sol,no_sol,no_sol,no_sol,262.9375,271.0063053732945,310.34270833333335,159.99631033818122,20.818885087966922,0.18150782585144046,6597,753
5,83,no_sol,no_sol,no_sol,no_sol,264.08125,271.40611494911246,312.16041666666666,163.08534414479553,20.818885087966922,0.1795504093170166,6597,753
5,83,no_sol,no_sol,no_sol,no_sol,275.33229166666666,284.3675363470338,322.684375,172.8620923887769,20.818885087966922,0.1563410758972168,6597,753
5,83,no_sol,no_sol,no_sol,no_sol,272.58020833333336,280.9469636410461,321.73125,165.86233832138478,20.818885087966922,0.17095732688903809,6597,753
5,83,no_sol,no_sol,no_sol,no_sol,273.778125,281.3682189332176,323.6166666666666,169.0708718917077,20.818885087966922,0.16637706756591794,6597,753
5,83,no_sol,no_sol,no_sol,no_sol,267.4791666666667,276.2596306453506,313.48229166666664,167.93730228545098,20.818885087966922,0.17351865768432614,6597,753
5,83,no_sol,no_sol,no_sol,no_sol,264.81458333333336,272.93997736802817,312.5572916666667,161.1360758701527,20.818885087966922,0.1733226776123047,6597,753
5,83,no_sol,no_sol,no_sol,no_sol,265.96875,273.34187968568625,314.38958333333335,164.25286367313782,20.818885087966922,0.1749129295349121,6597,753
5,83,no_sol,no_sol,no_sol,no_sol,276.13958333333335,285.20777969723474,323.63125,173.37781439226154,20.818885087966922,0.18326377868652344,6597,753
5,83,no_sol,no_sol,no_sol,no_sol,273.38645833333334,281.78005925861737,322.67291666666665,166.35985435643136,20.818885087966922,0.16836285591125488,6597,753
5,83,no_sol,no_sol,no_sol,no_sol,274.57708333333335,282.19602874862187,324.5729166666667,169.57505742244757,20.818885087966922,0.15985608100891113,6597,753
5,83,no_sol,no_sol,no_sol,no_sol,249.06770833333331,257.24515969482286,291.90416666666664,156.3760224564673,20.818885087966922,0.1340327262878418,6597,753
5,83,no_sol,no_sol,no_sol,no_sol,246.58541666666667,254.15219725719413,291.04375,150.04309506806425,20.818885087966922,0.1431868076324463,6597,753
5,83,no_sol,no_sol,no_sol,no_sol,247.6604166666667,254.5271070531121,292.75,152.9459034266691,20.818885087966922,0.14401483535766602,6597,753
5,83,no_sol,no_sol,no_sol,no_sol,268.021875,276.81694997293374,314.1177083333333,168.2783990363833,20.818885087966922,0.1770341396331787,6597,753
5,83,no_sol,no_sol,no_sol,no_sol,265.3489583333333,273.4901426448766,313.184375,161.46353582680118,20.818885087966922,0.1838350296020508,6597,753
5,83,no_sol,no_sol,no_sol,no_sol,266.50625,273.89533615830493,315.028125,164.5875588295919,20.818885087966922,0.182262659072876,6597,753
5,87,no_sol,no_sol,no_sol,no_sol,265.31458333333336,274.0186280845271,310.93958333333336,166.5787792101975,20.818885087966922,0.17773008346557614,6597,753
5,87,no_sol,no_sol,no_sol,no_sol,262.66770833333334,270.722787757911,310.02500029479165,159.83073876147768,20.818885087966922,0.18358612060546875,6597,753
5,87,no_sol,no_sol,no_sol,no_sol,263.81875,271.12750010853597,311.83958333333334,162.92226832601204,20.818885087966922,0.18513822555541992,6597,753
5,87,no_sol,no_sol,no_sol,no_sol,273.4322916666667,282.4094580181082,320.453125,171.67819396155423,20.818885087966922,0.16251802444458008,6597,753
5,87,no_sol,no_sol,no_sol,no_sol,270.70520833333336,279.0127044485727,319.5135416666667,164.72705683682707,20.818885087966922,0.1725022792816162,6597,753
5,87,no_sol,no_sol,no_sol,no_sol,271.88958333333335,279.4281923556743,321.3843750000001,167.9097663975884,20.818885087966922,0.1769545078277588,6597,753
5,87,no_sol,no_sol,no_sol,no_sol,295.090625,304.77359222261384,345.84166666666664,185.27619791513663,20.818885087966922,0.14230751991271973,6597,753
5,87,no_sol,no_sol,no_sol,no_sol,292.15208333333334,301.1131694712024,344.81875,177.77185244981138,20.818885087966922,0.16837239265441895,6597,753
5,87,no_sol,no_sol,no_sol,no_sol,293.4239583333333,301.55676246520864,346.8447916666667,181.2081054281879,20.818885087966922,0.13474535942077634,6597,753
5,87,no_sol,no_sol,no_sol,no_sol,270.7270833333334,279.61320288002565,317.28541666666666,169.9782939446281,20.818885087966922,0.16085076332092285,6597,753
5,87,no_sol,no_sol,no_sol,no_sol,268.02708333333334,276.25142249979405,316.3489583333333,163.09529358807873,20.818885087966922,0.17864465713500974,6597,753
5,87,no_sol,no_sol,no_sol,no_sol,269.1979166666667,276.6617632519169,318.20625,166.24866027812325,20.818885087966922,0.17846322059631348,6597,753
5,87,no_sol,no_sol,no_sol,no_sol,265.5833333333333,274.3005588715091,311.2572916666667,166.7453052467493,20.818885087966922,0.1797025203704834,6597,753
5,87,no_sol,no_sol,no_sol,no_sol,262.9375,271.0063053732945,310.34270833333335,159.99631033818122,20.818885087966922,0.18695521354675293,6597,753
5,87,no_sol,no_sol,no_sol,no_sol,264.08125,271.40611494911246,312.16041666666666,163.08534414479553,20.818885087966922,0.1893141269683838,6597,753
5,87,no_sol,no_sol,no_sol,no_sol,275.33229166666666,284.3675363470338,322.684375,172.8620923887769,20.818885087966922,0.17822265625,6597,753
5,87,no_sol,no_sol,no_sol,no_sol,272.58020833333336,280.9469636410461,321.73125,165.86233832138478,20.818885087966922,0.17967748641967773,6597,753
5,87,no_sol,no_sol,no_sol,no_sol,273.778125,281.3682189332176,323.6166666666666,169.0708718917077,20.818885087966922,0.16450142860412598,6597,753
5,87,no_sol,no_sol,no_sol,no_sol,267.4791666666667,276.2596306453506,313.48229166666664,167.93730228545098,20.818885087966922,0.19137024879455566,6597,753
5,87,no_sol,no_sol,no_sol,no_sol,264.81458333333336,272.93997736802817,312.5572916666667,161.1360758701527,20.818885087966922,0.18317842483520508,6597,753
5,87,no_sol,no_sol,no_sol,no_sol,265.96875,273.34187968568625,314.38958333333335,164.25286367313782,20.818885087966922,0.186112642288208,6597,753
5,87,no_sol,no_sol,no_sol,no_sol,276.13958333333335,285.20777969723474,323.63125,173.37781439226154,20.818885087966922,0.17914795875549314,6597,753
5,87,no_sol,no_sol,no_sol,no_sol,273.38645833333334,281.78005925861737,322.67291666666665,166.35985435643136,20.818885087966922,0.1815173625946045,6597,753
5,87,no_sol,no_sol,no_sol,no_sol,274.57708333333335,282.19602874862187,324.5729166666667,169.57505742244757,20.818885087966922,0.15998291969299314,6597,753
5,87,no_sol,no_sol,no_sol,no_sol,249.06770833333331,257.24515969482286,291.90416666666664,156.3760224564673,20.818885087966922,0.13446807861328125,6597,753
5,87,no_sol,no_sol,no_sol,no_sol,246.58541666666667,254.15219725719413,291.04375,150.04309506806425,20.818885087966922,0.13764357566833496,6597,753
5,87,no_sol,no_sol,no_sol,no_sol,247.6604166666667,254.5271070531121,292.75,152.9459034266691,20.818885087966922,0.13559889793395996,6597,753
5,87,no_sol,no_sol,no_sol,no_sol,268.021875,276.81694997293374,314.1177083333333,168.2783990363833,20.818885087966922,0.17374420166015625,6597,753
5,87,no_sol,no_sol,no_sol,no_sol,265.3489583333333,273.4901426448766,313.184375,161.46353582680118,20.818885087966922,0.18526101112365725,6597,753
5,87,no_sol,no_sol,no_sol,no_sol,266.50625,273.89533615830493,315.028125,164.5875588295919,20.818885087966922,0.19269347190856934,6597,753
30,no,84.60162790697674,15.475232558139535,321.4871199999999,16.999999999999993,265.31458333333336,274.0186280845271,310.93958333333336,166.5787792101975,20.818885087966922,0.3618977069854736,6596,753
30,no,84.71682926829268,16.681951219512197,293.7309677419355,19.0,262.66770833333334,270.722787757911,310.02500029479165,159.83073876147768,20.818885087966922,0.2910122871398926,6596,753
30,no,86.17620253164557,23.265063291139235,310.11181818181814,30.0,263.81875,271.12750010853597,311.83958333333334,162.92226832601204,20.818885087966922,0.27723097801208496,6596,753
30,no,84.17166666666667,13.078076923076924,364.87536290322583,12.999999999999998,273.4322916666667,282.4094580181082,320.453125,171.67819396155423,20.818885087966922,0.2355365753173828,6596,753
30,no,85.33525,20.2715,323.39363636363635,25.0,270.70520833333336,279.0127044485727,319.5135416666667,164.72705683682707,20.818885087966922,0.24636125564575195,6596,753
30,no,85.12773333333334,19.063200000000005,310.74722222222215,23.0,271.88958333333335,279.4281923556743,321.3843750000001,167.9097663975884,20.818885087966922,0.2576718330383301,6596,753
30,no,no_sol,no_sol,no_sol,no_sol,295.090625,304.77359222261384,345.84166666666664,185.27619791513663,20.818885087966922,0.14015960693359375,6596,753
30,no,no_sol,no_sol,no_sol,no_sol,292.15208333333334,301.1131694712024,344.81875,177.77185244981138,20.818885087966922,0.14563441276550293,6596,753
30,no,no_sol,no_sol,no_sol,no_sol,293.4239583333333,301.55676246520864,346.8447916666667,181.2081054281879,20.818885087966922,0.15927553176879886,6596,753
30,no,86.35628205128204,24.034102564102568,364.87536290322583,31.0,270.7270833333334,279.61320288002565,317.28541666666666,169.9782939446281,20.818885087966922,0.2740492820739746,6596,753
30,no,84.60162790697674,15.475232558139535,316.2832352941176,16.999999999999993,268.02708333333334,276.25142249979405,316.3489583333333,163.09529358807873,20.818885087966922,0.3147130012512207,6596,753
30,no,85.23368421052632,19.670263157894734,308.6312499999999,24.0,269.1979166666667,276.6617632519169,318.20625,166.24866027812325,20.818885087966922,0.2820699214935303,6596,753
30,no,84.60162790697674,15.475232558139535,321.4871199999999,16.999999999999993,265.5833333333333,274.3005588715091,311.2572916666667,166.7453052467493,20.818885087966922,0.31600165367126465,6596,753
30,no,84.71682926829268,16.681951219512197,293.7309677419355,19.0,262.9375,271.0063053732945,310.34270833333335,159.99631033818122,20.818885087966922,0.29643821716308594,6596,753
30,no,86.17620253164557,23.265063291139235,310.11181818181814,30.0,264.08125,271.40611494911246,312.16041666666666,163.08534414479553,20.818885087966922,0.30078649520874023,6596,753
30,no,83.50958904109591,9.451095890410958,402.2245,7.000000000000001,275.33229166666666,284.3675363470338,322.684375,172.8620923887769,20.818885087966922,0.27555251121521,6596,753
30,no,84.60162790697674,15.475232558139535,338.61333333333334,16.999999999999993,272.58020833333336,280.9469636410461,321.73125,165.86233832138478,20.818885087966922,0.2926602363586426,6596,753
30,no,84.17166666666667,13.078076923076924,332.74013513513523,12.999999999999998,273.778125,281.3682189332176,323.6166666666666,169.0708718917077,20.818885087966922,0.24620628356933594,6596,753
30,no,84.60162790697674,15.475232558139528,334.0568421052632,17.000000000000018,267.4791666666667,276.2596306453506,313.48229166666664,167.93730228545098,20.818885087966922,0.30668067932128906,6596,753
30,no,84.71682926829268,16.681951219512204,310.11181818181814,19.0,264.81458333333336,272.93997736802817,312.5572916666667,161.1360758701527,20.818885087966922,0.2760488986968994,6596,753
30,no,85.23368421052632,19.670263157894734,321.48711999999983,24.0,265.96875,273.34187968568625,314.38958333333335,164.25286367313782,20.818885087966922,0.2762298583984375,6596,753
30,no,83.06407894736842,7.121710526315789,408.5374137931034,2.9999999999999933,276.13958333333335,285.20777969723474,323.63125,173.37781439226154,20.818885087966922,0.3177957534790039,6596,753
30,no,84.60162790697674,15.475232558139535,338.61333333333334,16.999999999999993,273.38645833333334,281.78005925861737,322.67291666666665,166.35985435643136,20.818885087966922,6.0500831604003915,6596,753
30,no,84.17166666666667,13.078076923076924,332.74013513513523,12.999999999999998,274.57708333333335,282.19602874862187,324.5729166666667,169.57505742244757,20.818885087966922,1.2021877765655518,6596,753
30,no,no_sol,no_sol,no_sol,no_sol,249.06770833333331,257.24515969482286,291.90416666666664,156.3760224564673,20.818885087966922,0.13671398162841794,6596,753
30,no,no_sol,no_sol,no_sol,no_sol,246.58541666666667,254.15219725719413,291.04375,150.04309506806425,20.818885087966922,0.18223023414611814,6596,753
30,no,no_sol,no_sol,no_sol,no_sol,247.6604166666667,254.5271070531121,292.75,152.9459034266691,20.818885087966922,0.14476609230041504,6596,753
30,no,84.60162790697674,15.475232558139528,334.0568421052632,17.000000000000018,268.021875,276.81694997293374,314.1177083333333,168.2783990363833,20.818885087966922,0.3276021480560303,6596,753
30,no,84.60162790697674,15.475232558139535,321.4871199999999,17.0,265.3489583333333,273.4901426448766,313.184375,161.46353582680118,20.818885087966922,0.2750899791717529,6596,753
30,no,85.23368421052632,19.670263157894734,321.48711999999983,24.0,266.50625,273.89533615830493,315.028125,164.5875588295919,20.818885087966922,0.2588977813720703,6596,753
30,83,82.84299999999999,5.748874999999992,382.77560975609765,1,265.31458333333336,274.0186280845271,310.93958333333336,166.5787792101975,20.818885087966922,0.2338740825653076,6597,753
30,83,82.84299999999999,5.748874999999992,382.77560975609765,1,262.66770833333334,270.722787757911,310.02500029479165,159.83073876147768,20.818885087966922,0.24614357948303225,6597,753
30,83,82.84299999999999,5.748874999999992,382.77560975609765,1,263.81875,271.12750010853597,311.83958333333334,162.92226832601204,20.818885087966922,0.2455449104309082,6597,753
30,83,82.84299999999999,5.748874999999992,427.9463636363636,1,273.4322916666667,282.4094580181082,320.453125,171.67819396155423,20.818885087966922,0.2223646640777588,6597,753
30,83,82.84299999999999,5.748874999999992,383.7383333333333,1,270.70520833333336,279.0127044485727,319.5135416666667,164.72705683682707,20.818885087966922,0.2351548671722412,6597,753
30,83,82.84299999999999,5.748874999999992,405.565,1,271.88958333333335,279.4281923556743,321.3843750000001,167.9097663975884,20.818885087966922,0.2331306934356689,6597,753
30,83,no_sol,no_sol,no_sol,no_sol,295.090625,304.77359222261384,345.84166666666664,185.27619791513663,20.818885087966922,0.13494539260864258,6597,753
30,83,no_sol,no_sol,no_sol,no_sol,292.15208333333334,301.1131694712024,344.81875,177.77185244981138,20.818885087966922,0.12777972221374512,6597,753
30,83,no_sol,no_sol,no_sol,no_sol,293.4239583333333,301.55676246520864,346.8447916666667,181.2081054281879,20.818885087966922,0.13770413398742676,6597,753
30,83,82.84299999999999,5.748874999999992,420.0038461538462,1,270.7270833333334,279.61320288002565,317.28541666666666,169.9782939446281,20.818885087966922,0.21815061569213867,6597,753
30,83,82.84299999999999,5.748874999999992,353.1942857142857,1,268.02708333333334,276.25142249979405,316.3489583333333,163.09529358807873,20.818885087966922,0.23206329345703125,6597,753
30,83,82.84299999999999,5.748874999999992,383.7383333333333,1,269.1979166666667,276.6617632519169,318.20625,166.24866027812325,20.818885087966922,0.2322087287902832,6597,753
30,83,82.84299999999999,5.748874999999992,382.77560975609765,1,265.5833333333333,274.3005588715091,311.2572916666667,166.7453052467493,20.818885087966922,0.23360919952392575,6597,753
30,83,82.84299999999999,5.748874999999992,382.77560975609765,1,262.9375,271.0063053732945,310.34270833333335,159.99631033818122,20.818885087966922,0.2461535930633545,6597,753
30,83,82.84299999999999,5.748874999999992,382.77560975609765,1,264.08125,271.40611494911246,312.16041666666666,163.08534414479553,20.818885087966922,0.2446258068084717,6597,753
30,83,82.93710526315789,6.3986842105263175,423.5575,2.0,275.33229166666666,284.3675363470338,322.684375,172.8620923887769,20.818885087966922,0.2175476551055908,6597,753
30,83,82.84299999999999,5.748874999999992,405.565,1,272.58020833333336,280.9469636410461,321.73125,165.86233832138478,20.818885087966922,0.22590327262878415,6597,753
30,83,82.84299999999999,5.748874999999992,427.9463636363636,1,273.778125,281.3682189332176,323.6166666666666,169.0708718917077,20.818885087966922,0.2176809310913086,6597,753
30,83,82.84299999999999,5.748874999999992,382.77560975609765,1,267.4791666666667,276.2596306453506,313.48229166666664,167.93730228545098,20.818885087966922,0.22986650466918945,6597,753
30,83,82.84299999999999,5.748874999999992,382.77560975609765,1,264.81458333333336,272.93997736802817,312.5572916666667,161.1360758701527,20.818885087966922,0.2373616695404053,6597,753
30,83,82.84299999999999,5.748874999999992,382.77560975609765,1,265.96875,273.34187968568625,314.38958333333335,164.25286367313782,20.818885087966922,0.23100757598876956,6597,753
30,83,82.84299999999999,5.748875,459.07749999999976,1,276.13958333333335,285.20777969723474,323.63125,173.37781439226154,20.818885087966922,0.21306490898132324,6597,753
30,83,82.84299999999999,5.748874999999992,405.565,1,273.38645833333334,281.78005925861737,322.67291666666665,166.35985435643136,20.818885087966922,0.2351100444793701,6597,753
30,83,82.84299999999999,5.748874999999992,427.9463636363636,1,274.57708333333335,282.19602874862187,324.5729166666667,169.57505742244757,20.818885087966922,0.22119140625,6597,753
30,83,no_sol,no_sol,no_sol,no_sol,249.06770833333331,257.24515969482286,291.90416666666664,156.3760224564673,20.818885087966922,0.1323995590209961,6597,753
30,83,no_sol,no_sol,no_sol,no_sol,246.58541666666667,254.15219725719413,291.04375,150.04309506806425,20.818885087966922,0.13033771514892578,6597,753
30,83,no_sol,no_sol,no_sol,no_sol,247.6604166666667,254.5271070531121,292.75,152.9459034266691,20.818885087966922,0.13039851188659668,6597,753
30,83,82.84299999999999,5.748874999999992,382.77560975609765,1,268.021875,276.81694997293374,314.1177083333333,168.2783990363833,20.818885087966922,0.22944331169128415,6597,753
30,83,82.84299999999999,5.748874999999992,382.77560975609765,1,265.3489583333333,273.4901426448766,313.184375,161.46353582680118,20.818885087966922,0.22611737251281736,6597,753
30,83,82.84299999999999,5.748874999999992,382.77560975609765,1,266.50625,273.89533615830493,315.028125,164.5875588295919,20.818885087966922,0.23209571838378906,6597,753
30,87,84.60162790697674,15.475232558139535,321.4871199999999,16.999999999999993,265.31458333333336,274.0186280845271,310.93958333333336,166.5787792101975,20.818885087966922,0.3314831256866455,6597,753
30,87,84.71682926829268,16.681951219512197,293.7309677419355,19.0,262.66770833333334,270.722787757911,310.02500029479165,159.83073876147768,20.818885087966922,0.25098252296447754,6597,753
30,87,86.17620253164557,23.265063291139235,310.11181818181814,30.0,263.81875,271.12750010853597,311.83958333333334,162.92226832601204,20.818885087966922,0.24973058700561526,6597,753
30,87,84.17166666666667,13.078076923076924,364.87536290322583,12.999999999999998,273.4322916666667,282.4094580181082,320.453125,171.67819396155423,20.818885087966922,0.2403213977813721,6597,753
30,87,85.33525,20.2715,323.39363636363635,25.0,270.70520833333336,279.0127044485727,319.5135416666667,164.72705683682707,20.818885087966922,0.2363266944885254,6597,753
30,87,85.12773333333334,19.063200000000005,310.74722222222215,23.0,271.88958333333335,279.4281923556743,321.3843750000001,167.9097663975884,20.818885087966922,0.23710942268371585,6597,753
30,87,no_sol,no_sol,no_sol,no_sol,295.090625,304.77359222261384,345.84166666666664,185.27619791513663,20.818885087966922,0.1273188591003418,6597,753
30,87,no_sol,no_sol,no_sol,no_sol,292.15208333333334,301.1131694712024,344.81875,177.77185244981138,20.818885087966922,0.12948107719421387,6597,753
30,87,no_sol,no_sol,no_sol,no_sol,293.4239583333333,301.55676246520864,346.8447916666667,181.2081054281879,20.818885087966922,0.13043713569641113,6597,753
30,87,86.35628205128204,24.034102564102568,364.87536290322583,31.0,270.7270833333334,279.61320288002565,317.28541666666666,169.9782939446281,20.818885087966922,0.2333676815032959,6597,753
30,87,84.60162790697674,15.475232558139535,316.2832352941176,16.999999999999993,268.02708333333334,276.25142249979405,316.3489583333333,163.09529358807873,20.818885087966922,0.2773222923278809,6597,753
30,87,85.23368421052632,19.670263157894734,308.6312499999999,24.0,269.1979166666667,276.6617632519169,318.20625,166.24866027812325,20.818885087966922,0.2476499080657959,6597,753
30,87,84.60162790697674,15.475232558139535,321.4871199999999,16.999999999999993,265.5833333333333,274.3005588715091,311.2572916666667,166.7453052467493,20.818885087966922,0.2827246189117432,6597,753
30,87,84.71682926829268,16.681951219512197,293.7309677419355,19.0,262.9375,271.0063053732945,310.34270833333335,159.99631033818122,20.818885087966922,0.25316643714904785,6597,753
30,87,86.17620253164557,23.265063291139235,310.11181818181814,30.0,264.08125,271.40611494911246,312.16041666666666,163.08534414479553,20.818885087966922,0.258425235748291,6597,753
30,87,83.50958904109591,9.451095890410958,402.2245,7.000000000000001,275.33229166666666,284.3675363470338,322.684375,172.8620923887769,20.818885087966922,0.2355513572692871,6597,753
30,87,84.60162790697674,15.475232558139535,338.61333333333334,16.999999999999993,272.58020833333336,280.9469636410461,321.73125,165.86233832138478,20.818885087966922,0.2728250026702881,6597,753
30,87,84.17166666666667,13.078076923076924,332.74013513513523,12.999999999999998,273.778125,281.3682189332176,323.6166666666666,169.0708718917077,20.818885087966922,0.2389488220214844,6597,753
30,87,84.60162790697674,15.475232558139528,334.0568421052632,17.000000000000018,267.4791666666667,276.2596306453506,313.48229166666664,167.93730228545098,20.818885087966922,0.28456473350524897,6597,753
30,87,84.71682926829268,16.681951219512204,310.11181818181814,19.0,264.81458333333336,272.93997736802817,312.5572916666667,161.1360758701527,20.818885087966922,0.2596230506896973,6597,753
30,87,85.23368421052632,19.670263157894734,321.48711999999983,24.0,265.96875,273.34187968568625,314.38958333333335,164.25286367313782,20.818885087966922,0.25379109382629395,6597,753
30,87,83.06407894736842,7.121710526315789,408.5374137931034,2.9999999999999933,276.13958333333335,285.20777969723474,323.63125,173.37781439226154,20.818885087966922,0.24589848518371585,6597,753
30,87,84.60162790697674,15.475232558139535,338.61333333333334,16.999999999999993,273.38645833333334,281.78005925861737,322.67291666666665,166.35985435643136,20.818885087966922,0.31852006912231445,6597,753
30,87,84.17166666666667,13.078076923076924,332.74013513513523,12.999999999999998,274.57708333333335,282.19602874862187,324.5729166666667,169.57505742244757,20.818885087966922,0.2404615879058838,6597,753
30,87,no_sol,no_sol,no_sol,no_sol,249.06770833333331,257.24515969482286,291.90416666666664,156.3760224564673,20.818885087966922,0.13407611846923828,6597,753
30,87,no_sol,no_sol,no_sol,no_sol,246.58541666666667,254.15219725719413,291.04375,150.04309506806425,20.818885087966922,0.13592028617858887,6597,753
30,87,no_sol,no_sol,no_sol,no_sol,247.6604166666667,254.5271070531121,292.75,152.9459034266691,20.818885087966922,0.13579225540161133,6597,753
30,87,84.60162790697674,15.475232558139528,334.0568421052632,17.000000000000018,268.021875,276.81694997293374,314.1177083333333,168.2783990363833,20.818885087966922,0.2888174057006836,6597,753
30,87,84.60162790697674,15.475232558139535,321.4871199999999,17.0,265.3489583333333,273.4901426448766,313.184375,161.46353582680118,20.818885087966922,0.2545948028564453,6597,753
30,87,85.23368421052632,19.670263157894734,321.48711999999983,24.0,266.50625,273.89533615830493,315.028125,164.5875588295919,20.818885087966922,0.2420046329498291,6597,753
60,no,88.35556818181819,59.470681818181816,296.5314285714285,90.00000000000001,265.31458333333336,274.0186280845271,310.93958333333336,166.5787792101975,20.818885087966922,0.26741814613342285,6596,753
60,no,86.17620253164557,23.265063291139235,293.7309677419355,30.0,262.66770833333334,270.722787757911,310.02500029479165,159.83073876147768,20.818885087966922,0.3228058815002441,6596,753
60,no,88.35556818181819,59.470681818181816,307.328947368421,90.00000000000001,263.81875,271.12750010853597,311.83958333333334,162.92226832601204,20.818885087966922,0.2812669277191162,6596,753
60,no,88.35556818181819,59.470681818181816,347.7529577464788,90.00000000000001,273.4322916666667,282.4094580181082,320.453125,171.67819396155423,20.818885087966922,0.25939512252807617,6596,753
60,no,88.35556818181819,59.470681818181816,297.83749999999986,90.00000000000001,270.70520833333336,279.0127044485727,319.5135416666667,164.72705683682707,20.818885087966922,0.25784826278686523,6596,753
60,no,88.35556818181819,59.470681818181816,300.26999999999987,90.00000000000001,271.88958333333335,279.4281923556743,321.3843750000001,167.9097663975884,20.818885087966922,1.7320709228515625,6596,753
60,no,no_sol,no_sol,no_sol,no_sol,295.090625,304.77359222261384,345.84166666666664,185.27619791513663,20.818885087966922,0.4674234390258789,6596,753
60,no,no_sol,no_sol,no_sol,no_sol,292.15208333333334,301.1131694712024,344.81875,177.77185244981138,20.818885087966922,0.3759367465972901,6596,753
60,no,no_sol,no_sol,no_sol,no_sol,293.4239583333333,301.55676246520864,346.8447916666667,181.2081054281879,20.818885087966922,0.13837099075317386,6596,753
60,no,88.35556818181819,59.470681818181816,326.8413157894736,90.00000000000001,270.7270833333334,279.61320288002565,317.28541666666666,169.9782939446281,20.818885087966922,0.2579538822174072,6596,753
60,no,88.35556818181819,59.470681818181816,293.94833333333327,90.00000000000001,268.02708333333334,276.25142249979405,316.3489583333333,163.09529358807873,20.818885087966922,0.2618858814239502,6596,753
60,no,88.35556818181819,59.470681818181816,296.5314285714285,90.00000000000001,269.1979166666667,276.6617632519169,318.20625,166.24866027812325,20.818885087966922,0.2595484256744385,6596,753
60,no,88.35556818181819,59.470681818181816,296.5314285714285,90.00000000000001,265.5833333333333,274.3005588715091,311.2572916666667,166.7453052467493,20.818885087966922,0.2682175636291504,6596,753
60,no,86.17620253164557,23.265063291139235,293.7309677419355,30.0,262.9375,271.0063053732945,310.34270833333335,159.99631033818122,20.818885087966922,0.2850439548492432,6596,753
60,no,88.35556818181819,59.470681818181816,307.328947368421,90.00000000000001,264.08125,271.40611494911246,312.16041666666666,163.08534414479553,20.818885087966922,0.273892879486084,6596,753
60,no,88.35556818181819,59.470681818181816,361.20999999999987,90.00000000000001,275.33229166666666,284.3675363470338,322.684375,172.8620923887769,20.818885087966922,0.2714273929595947,6596,753
60,no,88.35556818181819,59.470681818181816,303.56999999999994,90.00000000000001,272.58020833333336,280.9469636410461,321.73125,165.86233832138478,20.818885087966922,0.26371407508850103,6596,753
60,no,86.35628205128204,24.034102564102568,332.74013513513523,31.0,273.778125,281.3682189332176,323.6166666666666,169.0708718917077,20.818885087966922,0.2540535926818848,6596,753
60,no,88.35556818181819,59.470681818181816,306.45999999999987,90.00000000000001,267.4791666666667,276.2596306453506,313.48229166666664,167.93730228545098,20.818885087966922,0.26679253578186035,6596,753
60,no,86.17620253164557,23.265063291139235,310.1118181818182,30.0,264.81458333333336,272.93997736802817,312.5572916666667,161.1360758701527,20.818885087966922,0.28298163414001465,6596,753
60,no,88.35556818181819,59.470681818181816,300.0324999999999,90.00000000000001,265.96875,273.34187968568625,314.38958333333335,164.25286367313782,20.818885087966922,0.27281928062438965,6596,753
60,no,88.35556818181819,59.470681818181816,369.94999999999993,90.00000000000001,276.13958333333335,285.20777969723474,323.63125,173.37781439226154,20.818885087966922,0.2583341598510742,6596,753
60,no,88.35556818181819,59.470681818181816,311.16,90.00000000000001,273.38645833333334,281.78005925861737,322.67291666666665,166.35985435643136,20.818885087966922,0.2586398124694824,6596,753
60,no,88.35556818181819,59.470681818181816,312.0774468085106,90.00000000000001,274.57708333333335,282.19602874862187,324.5729166666667,169.57505742244757,20.818885087966922,0.251084566116333,6596,753
60,no,no_sol,no_sol,no_sol,no_sol,249.06770833333331,257.24515969482286,291.90416666666664,156.3760224564673,20.818885087966922,0.1435678005218506,6596,753
60,no,no_sol,no_sol,no_sol,no_sol,246.58541666666667,254.15219725719413,291.04375,150.04309506806425,20.818885087966922,0.14342379570007324,6596,753
60,no,no_sol,no_sol,no_sol,no_sol,247.6604166666667,254.5271070531121,292.75,152.9459034266691,20.818885087966922,0.14223909378051758,6596,753
60,no,88.35556818181819,59.470681818181816,312.67,90.00000000000001,268.021875,276.81694997293374,314.1177083333333,168.2783990363833,20.818885087966922,0.2689623832702637,6596,753
60,no,86.17620253164557,23.265063291139235,321.4871199999999,30.0,265.3489583333333,273.4901426448766,313.184375,161.46353582680118,20.818885087966922,0.27750515937805176,6596,753
60,no,88.35556818181819,59.470681818181816,315.1612499999999,90.00000000000001,266.50625,273.89533615830493,315.028125,164.5875588295919,20.818885087966922,0.26113319396972656,6596,753
60,83,82.84299999999999,5.748874999999981,382.77560975609765,1,265.31458333333336,274.0186280845271,310.93958333333336,166.5787792101975,20.818885087966922,0.24054741859436035,6597,753
60,83,82.84299999999999,5.748874999999981,382.77560975609765,1,262.66770833333334,270.722787757911,310.02500029479165,159.83073876147768,20.818885087966922,0.2551443576812744,6597,753
60,83,82.84299999999999,5.748874999999981,382.77560975609765,1,263.81875,271.12750010853597,311.83958333333334,162.92226832601204,20.818885087966922,0.2531368732452393,6597,753
60,83,82.84299999999999,5.748874999999981,427.9463636363636,1,273.4322916666667,282.4094580181082,320.453125,171.67819396155423,20.818885087966922,0.23308300971984866,6597,753
60,83,82.84299999999999,5.748874999999981,383.7383333333333,1,270.70520833333336,279.0127044485727,319.5135416666667,164.72705683682707,20.818885087966922,0.2360200881958008,6597,753
60,83,82.84299999999999,5.748874999999981,405.565,1,271.88958333333335,279.4281923556743,321.3843750000001,167.9097663975884,20.818885087966922,0.2409036159515381,6597,753
60,83,no_sol,no_sol,no_sol,no_sol,295.090625,304.77359222261384,345.84166666666664,185.27619791513663,20.818885087966922,0.14056110382080078,6597,753
60,83,no_sol,no_sol,no_sol,no_sol,292.15208333333334,301.1131694712024,344.81875,177.77185244981138,20.818885087966922,0.14091777801513672,6597,753
60,83,no_sol,no_sol,no_sol,no_sol,293.4239583333333,301.55676246520864,346.8447916666667,181.2081054281879,20.818885087966922,0.13936853408813474,6597,753
60,83,82.84299999999999,5.748874999999981,420.0038461538462,1,270.7270833333334,279.61320288002565,317.28541666666666,169.9782939446281,20.818885087966922,0.23074984550476074,6597,753
60,83,82.84299999999999,5.748874999999981,353.1942857142857,1,268.02708333333334,276.25142249979405,316.3489583333333,163.09529358807873,20.818885087966922,0.2417590618133545,6597,753
60,83,82.84299999999999,5.748874999999981,383.7383333333333,1,269.1979166666667,276.6617632519169,318.20625,166.24866027812325,20.818885087966922,0.2486231327056885,6597,753
60,83,82.84299999999999,5.748874999999981,382.77560975609765,1,265.5833333333333,274.3005588715091,311.2572916666667,166.7453052467493,20.818885087966922,0.24641680717468264,6597,753
60,83,82.84299999999999,5.748874999999981,382.77560975609765,1,262.9375,271.0063053732945,310.34270833333335,159.99631033818122,20.818885087966922,0.2545464038848877,6597,753
60,83,82.84299999999999,5.748874999999981,382.77560975609765,1,264.08125,271.40611494911246,312.16041666666666,163.08534414479553,20.818885087966922,0.2551665306091309,6597,753
60,83,82.93710526315789,6.3986842105263175,423.5575,2.0,275.33229166666666,284.3675363470338,322.684375,172.8620923887769,20.818885087966922,0.230618953704834,6597,753
60,83,82.84299999999999,5.748874999999981,405.565,1,272.58020833333336,280.9469636410461,321.73125,165.86233832138478,20.818885087966922,0.2486946582794189,6597,753
60,83,82.84299999999999,5.748874999999981,427.9463636363636,1,273.778125,281.3682189332176,323.6166666666666,169.0708718917077,20.818885087966922,0.2260012626647949,6597,753
60,83,82.84299999999999,5.748874999999981,382.77560975609765,1,267.4791666666667,276.2596306453506,313.48229166666664,167.93730228545098,20.818885087966922,0.2516489028930664,6597,753
60,83,82.84299999999999,5.748874999999981,382.77560975609765,1,264.81458333333336,272.93997736802817,312.5572916666667,161.1360758701527,20.818885087966922,0.26523685455322266,6597,753
60,83,82.84299999999999,5.748874999999981,382.77560975609765,1,265.96875,273.34187968568625,314.38958333333335,164.25286367313782,20.818885087966922,0.2594959735870361,6597,753
60,83,82.84299999999999,5.748875,459.0774999999995,1,276.13958333333335,285.20777969723474,323.63125,173.37781439226154,20.818885087966922,0.2361633777618408,6597,753
60,83,82.84299999999999,5.748874999999981,405.565,1,273.38645833333334,281.78005925861737,322.67291666666665,166.35985435643136,20.818885087966922,0.2432479858398437,6597,753
60,83,82.84299999999999,5.748874999999981,427.9463636363636,1,274.57708333333335,282.19602874862187,324.5729166666667,169.57505742244757,20.818885087966922,0.24218416213989255,6597,753
60,83,no_sol,no_sol,no_sol,no_sol,249.06770833333331,257.24515969482286,291.90416666666664,156.3760224564673,20.818885087966922,0.1346883773803711,6597,753
60,83,no_sol,no_sol,no_sol,no_sol,246.58541666666667,254.15219725719413,291.04375,150.04309506806425,20.818885087966922,0.13854265213012695,6597,753
60,83,no_sol,no_sol,no_sol,no_sol,247.6604166666667,254.5271070531121,292.75,152.9459034266691,20.818885087966922,0.13358545303344727,6597,753
60,83,82.84299999999999,5.748874999999981,382.77560975609765,1,268.021875,276.81694997293374,314.1177083333333,168.2783990363833,20.818885087966922,0.248884916305542,6597,753
60,83,82.84299999999999,5.748874999999981,382.77560975609765,1,265.3489583333333,273.4901426448766,313.184375,161.46353582680118,20.818885087966922,0.25896286964416504,6597,753
60,83,82.84299999999999,5.748874999999981,382.77560975609765,1,266.50625,273.89533615830493,315.028125,164.5875588295919,20.818885087966922,0.2625331878662109,6597,753
60,87,86.9315,48.68774999999999,321.4234513274337,71.00000000000001,265.31458333333336,274.0186280845271,310.93958333333336,166.5787792101975,20.818885087966922,0.2752714157104492,6597,753
60,87,84.17166666666667,13.078076923076924,293.7309677419355,13.000000000000002,262.66770833333334,270.722787757911,310.02500029479165,159.83073876147768,20.818885087966922,0.2787785530090332,6597,753
60,87,86.17620253164557,23.265063291139235,310.11181818181814,29.999999999999996,263.81875,271.12750010853597,311.83958333333334,162.92226832601204,20.818885087966922,0.28322577476501465,6597,753
60,87,84.17166666666667,13.078076923076924,364.87536290322583,12.999999999999998,273.4322916666667,282.4094580181082,320.453125,171.67819396155423,20.818885087966922,0.2599136829376221,6597,753
60,87,85.33525,20.2715,323.39363636363635,25.0,270.70520833333336,279.0127044485727,319.5135416666667,164.72705683682707,20.818885087966922,0.2744414806365967,6597,753
60,87,83.95182926829268,11.849756097560975,310.74722222222215,11.000000000000002,271.88958333333335,279.4281923556743,321.3843750000001,167.9097663975884,20.818885087966922,0.27184104919433594,6597,753
60,87,no_sol,no_sol,no_sol,no_sol,295.090625,304.77359222261384,345.84166666666664,185.27619791513663,20.818885087966922,0.14317584037780762,6597,753
60,87,no_sol,no_sol,no_sol,no_sol,292.15208333333334,301.1131694712024,344.81875,177.77185244981138,20.818885087966922,0.136871337890625,6597,753
60,87,no_sol,no_sol,no_sol,no_sol,293.4239583333333,301.55676246520864,346.8447916666667,181.2081054281879,20.818885087966922,0.132490873336792,6597,753
60,87,84.17166666666667,13.078076923076924,364.87536290322583,13.000000000000002,270.7270833333334,279.61320288002565,317.28541666666666,169.9782939446281,20.818885087966922,0.2467496395111084,6597,753
60,87,83.95182926829268,11.849756097560975,316.2832352941176,11.000000000000002,268.02708333333334,276.25142249979405,316.3489583333333,163.09529358807873,20.818885087966922,0.2715129852294922,6597,753
60,87,83.95182926829268,11.849756097560975,308.63125,11.000000000000002,269.1979166666667,276.6617632519169,318.20625,166.24866027812325,20.818885087966922,0.27356624603271484,6597,753
60,87,86.9315,48.68774999999999,321.4234513274337,71.00000000000001,265.5833333333333,274.3005588715091,311.2572916666667,166.7453052467493,20.818885087966922,0.2701430320739746,6597,753
60,87,84.17166666666667,13.078076923076924,293.7309677419355,13.000000000000002,262.9375,271.0063053732945,310.34270833333335,159.99631033818122,20.818885087966922,0.2723426818847656,6597,753
60,87,86.17620253164557,23.265063291139235,310.11181818181814,29.999999999999996,264.08125,271.40611494911246,312.16041666666666,163.08534414479553,20.818885087966922,0.2800908088684082,6597,753
60,87,83.50958904109591,9.451095890410958,402.2245,7.000000000000001,275.33229166666666,284.3675363470338,322.684375,172.8620923887769,20.818885087966922,0.2543370723724365,6597,753
60,87,83.95182926829268,11.849756097560975,338.61333333333334,11.000000000000002,272.58020833333336,280.9469636410461,321.73125,165.86233832138478,20.818885087966922,0.2559113502502441,6597,753
60,87,86.35628205128204,24.034102564102568,332.74013513513523,31.00000000000001,273.778125,281.3682189332176,323.6166666666666,169.0708718917077,20.818885087966922,0.2460334300994873,6597,753
60,87,84.0565671641791,12.477014925373151,334.0568421052632,11.999999999999973,267.4791666666667,276.2596306453506,313.48229166666664,167.93730228545098,20.818885087966922,0.2695636749267578,6597,753
60,87,84.17166666666667,13.078076923076924,310.11181818181814,13.000000000000002,264.81458333333336,272.93997736802817,312.5572916666667,161.1360758701527,20.818885087966922,0.2709012031555176,6597,753
60,87,86.17620253164557,23.265063291139235,321.4871199999999,30.0,265.96875,273.34187968568625,314.38958333333335,164.25286367313782,20.818885087966922,0.2727785110473633,6597,753
60,87,86.35628205128204,24.034102564102568,408.5374137931034,31.0,276.13958333333335,285.20777969723474,323.63125,173.37781439226154,20.818885087966922,0.3051426410675049,6597,753
60,87,83.95182926829268,11.849756097560975,338.61333333333334,11.000000000000002,273.38645833333334,281.78005925861737,322.67291666666665,166.35985435643136,20.818885087966922,0.2578985691070557,6597,753
60,87,86.35628205128204,24.034102564102568,332.74013513513523,31.00000000000001,274.57708333333335,282.19602874862187,324.5729166666667,169.57505742244757,20.818885087966922,0.2583112716674805,6597,753
60,87,no_sol,no_sol,no_sol,no_sol,249.06770833333331,257.24515969482286,291.90416666666664,156.3760224564673,20.818885087966922,0.1461176872253418,6597,753
60,87,no_sol,no_sol,no_sol,no_sol,246.58541666666667,254.15219725719413,291.04375,150.04309506806425,20.818885087966922,0.1403186321258545,6597,753
60,87,no_sol,no_sol,no_sol,no_sol,247.6604166666667,254.5271070531121,292.75,152.9459034266691,20.818885087966922,0.13471174240112305,6597,753
60,87,83.95182926829268,11.849756097560975,334.0568421052632,11.0,268.021875,276.81694997293374,314.1177083333333,168.2783990363833,20.818885087966922,0.2677211761474609,6597,753
60,87,83.95182926829268,11.849756097560975,321.4871199999999,11.000000000000002,265.3489583333333,273.4901426448766,313.184375,161.46353582680118,20.818885087966922,0.2736093997955322,6597,753
60,87,83.95182926829268,11.849756097560975,321.4871199999999,11.000000000000002,266.50625,273.89533615830493,315.028125,164.5875588295919,20.818885087966922,0.2706482410430908,6597,753
